0, -0.672827, 0.0708767, 0.736586, -0.104146, 0.0109494, 0.0338084, -0.189974, -0.377753, -0.133959, 0.767427, 0.19412, -0.0231979, 0.0867139, 0.170424, 0.175002, -0.0901029, 0.0603505, -0.176672, -0.037191, 0.030632, 0.0162381, -0.0127952, -0.0619963
0.00833333, -0.664206, 0.0704548, 0.736026, -0.107083, 0.0123709, 0.0341266, -0.20405, -0.376053, -0.129718, 0.742054, 0.174802, -0.0290724, 0.0883826, 0.190973, 0.183815, -0.089849, 0.0547513, -0.187004, -0.0460675, 0.0329233, 0.0219189, -0.0170237, -0.062368
0.0166667, -0.655624, 0.0698535, 0.735375, -0.108617, 0.014257, 0.0340557, -0.21384, -0.372758, -0.122848, 0.707285, 0.160438, -0.0328989, 0.0869854, 0.208741, 0.18926, -0.0886683, 0.0504551, -0.194512, -0.0550579, 0.0360086, 0.0258758, -0.0217312, -0.0627684
0.025, -0.647003, 0.0692144, 0.7346, -0.110386, 0.016271, 0.0352324, -0.223012, -0.368502, -0.117758, 0.671295, 0.152241, -0.0362995, 0.083157, 0.226654, 0.191188, -0.0886492, 0.0462287, -0.199602, -0.0635711, 0.036927, 0.0298815, -0.0266151, -0.0647347
0.0333333, -0.638319, 0.0685474, 0.733702, -0.112675, 0.0182759, 0.0374728, -0.231616, -0.363847, -0.114546, 0.634683, 0.150288, -0.0396323, 0.0816071, 0.244955, 0.191073, -0.0895553, 0.0423374, -0.203115, -0.0716386, 0.0362401, 0.0342116, -0.0315467, -0.0680109
0.0416667, -0.629538, 0.067849, 0.732694, -0.115793, 0.0201653, 0.0406429, -0.239409, -0.359767, -0.113278, 0.597433, 0.154337, -0.0430097, 0.079999, 0.264089, 0.190101, -0.0912789, 0.0388989, -0.206027, -0.0794163, 0.0343025, 0.0391395, -0.036402, -0.0724387
0.05, -0.620842, 0.0668896, 0.731595, -0.115393, 0.0217325, 0.0415161, -0.243444, -0.349562, -0.105665, 0.549041, 0.159618, -0.0425548, 0.0780709, 0.277397, 0.187884, -0.0899903, 0.0376248, -0.206624, -0.0874316, 0.0331502, 0.0399562, -0.0405192, -0.074855
0.0583333, -0.612015, 0.0660264, 0.73033, -0.117095, 0.0232193, 0.0438598, -0.247514, -0.340771, -0.101983, 0.503756, 0.170818, -0.043041, 0.0730433, 0.293944, 0.184601, -0.0904432, 0.0355037, -0.207142, -0.0950284, 0.0341001, 0.0428994, -0.0445554, -0.078592
0.0666667, -0.603079, 0.0651614, 0.728971, -0.119414, 0.0244697, 0.0469295, -0.251844, -0.332876, -0.100489, 0.460119, 0.18721, -0.0436936, 0.0674057, 0.311588, 0.180337, -0.0917313, 0.0331932, -0.207131, -0.102429, 0.0340591, 0.0462364, -0.0483471, -0.0830629
0.075, -0.59408, 0.0642633, 0.727539, -0.121586, 0.0256461, 0.0501332, -0.25585, -0.325231, -0.099829, 0.416434, 0.207185, -0.0439949, 0.0628876, 0.328948, 0.176134, -0.0930404, 0.0312058, -0.206556, -0.109618, 0.0338006, 0.0492278, -0.0519987, -0.0876332
0.0833333, -0.58505, 0.0633694, 0.726031, -0.123262, 0.0268135, 0.053056, -0.259422, -0.317048, -0.0992514, 0.372122, 0.227037, -0.0430726, 0.06173, 0.34561, 0.172483, -0.0939629, 0.0295431, -0.206073, -0.116537, 0.0339519, 0.0516121, -0.0555625, -0.0916396
0.0916667, -0.575961, 0.0624934, 0.724467, -0.124335, 0.0276936, 0.0557604, -0.262645, -0.308114, -0.0987031, 0.327453, 0.24396, -0.0404288, 0.06152, 0.361839, 0.169549, -0.0947814, 0.0279501, -0.20633, -0.123001, 0.0327536, 0.0532007, -0.0587797, -0.0951204
0.1, -0.566804, 0.0617097, 0.722835, -0.124981, 0.0282975, 0.0585163, -0.265614, -0.298801, -0.0988127, 0.283833, 0.25836, -0.0370635, 0.0598613, 0.377904, 0.167587, -0.0958879, 0.0263225, -0.207244, -0.128635, 0.0329065, 0.054211, -0.0616888, -0.0981929
0.108333, -0.557568, 0.0610538, 0.721166, -0.125169, 0.0287028, 0.0612273, -0.268906, -0.291251, -0.0999359, 0.242437, 0.270623, -0.0329576, 0.0573665, 0.393513, 0.167275, -0.0971856, 0.0252136, -0.209152, -0.133344, 0.0347889, 0.0545901, -0.064343, -0.100657
0.116667, -0.548198, 0.0604886, 0.719529, -0.125164, 0.0290756, 0.0638951, -0.272632, -0.289061, -0.102326, 0.203903, 0.282745, -0.0279838, 0.0536817, 0.408845, 0.168336, -0.0985739, 0.0248856, -0.211964, -0.136997, 0.0353494, 0.0544499, -0.0668334, -0.102637
0.125, -0.538692, 0.0599764, 0.71794, -0.124896, 0.0298662, 0.0662349, -0.276546, -0.293483, -0.105362, 0.168221, 0.296124, -0.022193, 0.0508336, 0.423465, 0.168711, -0.0994615, 0.0253902, -0.214153, -0.139496, 0.0357967, 0.0536366, -0.0695266, -0.103862
0.133333, -0.529036, 0.059484, 0.716416, -0.124379, 0.0314604, 0.0679641, -0.280644, -0.305153, -0.108379, 0.135792, 0.311473, -0.0156621, 0.0477573, 0.437021, 0.166843, -0.0992546, 0.0272141, -0.215439, -0.14115, 0.0373412, 0.0520844, -0.0727838, -0.104052
0.141667, -0.519176, 0.0589374, 0.714975, -0.124298, 0.0338314, 0.069368, -0.284025, -0.323109, -0.111183, 0.106981, 0.329217, -0.00938848, 0.0437387, 0.450157, 0.163225, -0.0979745, 0.0305556, -0.215917, -0.14198, 0.0382595, 0.0504281, -0.0765489, -0.103776
0.15, -0.509111, 0.0582526, 0.713595, -0.124998, 0.0368661, 0.0702541, -0.285596, -0.343818, -0.112934, 0.0818327, 0.347423, -0.00368311, 0.0393193, 0.463018, 0.158129, -0.095217, 0.0354156, -0.21476, -0.141975, 0.0389168, 0.0491055, -0.0806744, -0.103026
0.158333, -0.498883, 0.0574057, 0.712253, -0.126069, 0.0402357, 0.0705111, -0.285688, -0.362893, -0.113207, 0.0615833, 0.362396, 0.00142654, 0.0367838, 0.474896, 0.151582, -0.0911125, 0.0424567, -0.211957, -0.141269, 0.0402098, 0.0477574, -0.0848486, -0.101742
0.166667, -0.488503, 0.056412, 0.710952, -0.126892, 0.0434739, 0.070162, -0.285758, -0.378278, -0.112428, 0.0482927, 0.37305, 0.00562345, 0.0405284, 0.484942, 0.144612, -0.0860402, 0.0522842, -0.207661, -0.139638, 0.0421257, 0.0456699, -0.0885593, -0.0999692
0.175, -0.477964, 0.055294, 0.709676, -0.127582, 0.0463419, 0.0696621, -0.285973, -0.388268, -0.111393, 0.0428818, 0.379382, 0.0095429, 0.0456358, 0.493432, 0.136841, -0.0806907, 0.0649822, -0.201961, -0.137214, 0.0429458, 0.0429438, -0.0915608, -0.0982252
0.183333, -0.467294, 0.0540879, 0.708414, -0.128143, 0.0485215, 0.0696298, -0.285932, -0.389853, -0.110712, 0.0449098, 0.380903, 0.0184331, 0.0421718, 0.50031, 0.12768, -0.0760788, 0.0809631, -0.194586, -0.134172, 0.0411393, 0.0396403, -0.0935376, -0.0972085
0.191667, -0.456575, 0.0528457, 0.70718, -0.127791, 0.0499689, 0.0694575, -0.286472, -0.382286, -0.110038, 0.0545304, 0.377501, 0.0364406, 0.0338986, 0.504082, 0.117374, -0.0717838, 0.100897, -0.184678, -0.130201, 0.039809, 0.0351258, -0.0943894, -0.0960757
0.2, -0.445915, 0.0516098, 0.706009, -0.125369, 0.0506486, 0.0686326, -0.28939, -0.365024, -0.109047, 0.0723088, 0.370424, 0.0624114, 0.0251649, 0.50295, 0.105123, -0.0676295, 0.125224, -0.171089, -0.124873, 0.0394136, 0.0283818, -0.0940515, -0.0941413
0.208333, -0.435396, 0.0503573, 0.704943, -0.12058, 0.0500055, 0.0673278, -0.295178, -0.335913, -0.107198, 0.0977506, 0.358407, 0.0928143, 0.0196442, 0.496352, 0.092381, -0.0642593, 0.154355, -0.154459, -0.117772, 0.0387882, 0.0193351, -0.0920064, -0.0917488
0.216667, -0.425016, 0.0490223, 0.704039, -0.114281, 0.0475653, 0.0649362, -0.302356, -0.296092, -0.102762, 0.128605, 0.341363, 0.122871, 0.0159582, 0.485493, 0.0827516, -0.0610518, 0.187806, -0.137205, -0.108219, 0.03902, 0.00916102, -0.0879557, -0.0883218
0.225, -0.414692, 0.047576, 0.703387, -0.108015, 0.0433098, 0.0606902, -0.309088, -0.250255, -0.0945394, 0.162642, 0.320436, 0.147758, 0.0131089, 0.472891, 0.0788156, -0.0568358, 0.224126, -0.122074, -0.0951536, 0.037902, -0.000440596, -0.0822732, -0.0829133
0.233333, -0.404316, 0.0460381, 0.703083, -0.103527, 0.0377251, 0.0540603, -0.313524, -0.204432, -0.0824192, 0.198088, 0.299405, 0.16231, 0.0138131, 0.461009, 0.0832261, -0.0502009, 0.262319, -0.112136, -0.0773766, 0.0344514, -0.00772427, -0.0758835, -0.0747576
0.241667, -0.393794, 0.0444602, 0.703177, -0.102331, 0.0318428, 0.0452179, -0.313743, -0.164565, -0.0676066, 0.232495, 0.281598, 0.163351, 0.0170986, 0.451527, 0.096853, -0.0402, 0.301639, -0.108094, -0.0540464, 0.0310943, -0.0112745, -0.0701219, -0.0639387
0.25, -0.383141, 0.042893, 0.703675, -0.104179, 0.0265829, 0.0348569, -0.30872, -0.132012, -0.0514636, 0.26255, 0.265537, 0.153674, 0.0213468, 0.443593, 0.116939, -0.0270774, 0.341847, -0.107156, -0.0249225, 0.02882, -0.0115008, -0.0659572, -0.0512814
0.258333, -0.372431, 0.0413665, 0.70457, -0.107913, 0.0226582, 0.0237364, -0.298535, -0.10703, -0.0351233, 0.286041, 0.249758, 0.139458, 0.0279405, 0.434886, 0.139764, -0.0114146, 0.383562, -0.105277, 0.00978178, 0.0272848, -0.00968285, -0.0639267, -0.037743
0.266667, -0.361743, 0.0399268, 0.705825, -0.112613, 0.0207853, 0.0125111, -0.283989, -0.09217, -0.0199819, 0.303196, 0.237244, 0.123447, 0.0368681, 0.423093, 0.162866, 0.00656398, 0.428694, -0.100957, 0.0479865, 0.0269549, -0.00669207, -0.0644284, -0.0240324
0.275, -0.351192, 0.038652, 0.707385, -0.117129, 0.0215126, 0.00266119, -0.266307, -0.0879672, -0.00788913, 0.31406, 0.229566, 0.107888, 0.0445211, 0.406705, 0.180937, 0.0247897, 0.478461, -0.0936202, 0.0857015, 0.0275007, -0.00356853, -0.0675349, -0.0117467
0.283333, -0.340899, 0.0375903, 0.709201, -0.119857, 0.0247155, -0.00452113, -0.247004, -0.091626, 0.000281335, 0.317533, 0.224729, 0.094591, 0.050239, 0.384177, 0.190236, 0.0406879, 0.533079, -0.0827082, 0.118724, 0.0252341, -0.00190367, -0.0725911, -0.00233834
0.291667, -0.330944, 0.0368199, 0.711181, -0.120096, 0.029916, -0.00815689, -0.228453, -0.102669, 0.00349971, 0.316314, 0.224592, 0.0830734, 0.0541468, 0.355338, 0.190391, 0.0518645, 0.591525, -0.0692191, 0.144102, 0.0196784, -0.00233365, -0.0786834, 0.00334252
0.3, -0.321345, 0.036439, 0.713217, -0.118371, 0.0369581, -0.0076895, -0.212497, -0.123373, 0.000534252, 0.314848, 0.232892, 0.0717276, 0.0549975, 0.322455, 0.18106, 0.0560329, 0.650234, -0.0538801, 0.161123, 0.0164897, -0.00419186, -0.0852995, 0.00490871
0.308333, -0.312186, 0.0361435, 0.715253, -0.113022, 0.0439412, -0.00574984, -0.196163, -0.133824, -0.0016875, 0.303036, 0.23537, 0.0648026, 0.0567741, 0.2832, 0.171341, 0.0573187, 0.70797, -0.0442216, 0.169796, 0.0174048, -0.00914479, -0.0903053, 0.00455676
0.316667, -0.303313, 0.0360944, 0.717239, -0.107144, 0.051567, -0.00110656, -0.181576, -0.149574, -0.00758249, 0.291474, 0.243385, 0.058182, 0.0556377, 0.242657, 0.160128, 0.0537607, 0.762217, -0.0423068, 0.170343, 0.0166383, -0.0139582, -0.0943555, 0.00136113
0.325, -0.294701, 0.0361509, 0.719142, -0.100823, 0.0591675, 0.00492468, -0.167821, -0.164995, -0.0146055, 0.27888, 0.252796, 0.0522208, 0.0529915, 0.201068, 0.150174, 0.0470484, 0.811933, -0.0495007, 0.164368, 0.0122409, -0.0185368, -0.0968828, -0.00348749
0.333333, -0.28628, 0.0363308, 0.721032, -0.0932859, 0.0659398, 0.0140935, -0.156514, -0.177247, -0.024644, 0.266119, 0.261564, 0.0463429, 0.0493809, 0.159657, 0.140236, 0.0338697, 0.853259, -0.0626069, 0.155611, 0.00475715, -0.0243787, -0.0972288, -0.0121696
0.341667, -0.278005, 0.0365393, 0.722792, -0.0862889, 0.0718876, 0.0235207, -0.145157, -0.186908, -0.0343545, 0.253191, 0.268545, 0.0406208, 0.0442495, 0.119345, 0.133533, 0.0191238, 0.888088, -0.0811316, 0.144156, -0.00283489, -0.02904, -0.0958448, -0.0212602
0.35, -0.269809, 0.0367311, 0.724438, -0.080035, 0.07669, 0.0328672, -0.133128, -0.192638, -0.0432566, 0.239893, 0.272138, 0.0349766, 0.0391533, 0.0810253, 0.129793, 0.00322219, 0.915886, -0.101313, 0.130734, -0.0129042, -0.0325013, -0.0927479, -0.0304091
0.358333, -0.261617, 0.036897, 0.725959, -0.0753716, 0.080145, 0.0416355, -0.11946, -0.195766, -0.0510103, 0.226792, 0.273139, 0.028829, 0.0344233, 0.0456636, 0.130379, -0.0124066, 0.937647, -0.120575, 0.115099, -0.0303195, -0.0339072, -0.0880491, -0.0389189
0.366667, -0.253384, 0.0370345, 0.727414, -0.0715869, 0.0823773, 0.0504205, -0.105488, -0.197795, -0.0587128, 0.214894, 0.272675, 0.0220167, 0.0310998, 0.0116691, 0.135749, -0.0272793, 0.953955, -0.139759, 0.100477, -0.0309752, -0.034417, -0.0820094, -0.0476201
0.375, -0.245107, 0.0371301, 0.72877, -0.0689292, 0.0832892, 0.0579228, -0.0897237, -0.197129, -0.0646212, 0.202635, 0.269372, 0.0155707, 0.0303938, -0.0191026, 0.144006, -0.0407265, 0.963129, -0.156735, 0.0852075, -0.0340399, -0.033563, -0.0748549, -0.0548983
0.383333, -0.236796, 0.0372121, 0.730035, -0.0669416, 0.0830348, 0.0650351, -0.0729979, -0.194506, -0.0700264, 0.190156, 0.264018, 0.00945525, 0.0304004, -0.0474488, 0.154478, -0.0537465, 0.966079, -0.169844, 0.0706102, -0.0339756, -0.0320136, -0.066625, -0.0617608
0.391667, -0.228436, 0.0372925, 0.731179, -0.0659561, 0.0816059, 0.0713066, -0.0548078, -0.190615, -0.0744665, 0.177326, 0.257548, 0.00360949, 0.0308197, -0.0729482, 0.167556, -0.065495, 0.962945, -0.177733, 0.0572314, -0.0374134, -0.0293269, -0.0573078, -0.0675658
0.4, -0.22003, 0.0373814, 0.732193, -0.0654821, 0.0794209, 0.0770073, -0.0358758, -0.18652, -0.0784058, 0.164266, 0.251011, -0.00183055, 0.0310948, -0.0964813, 0.182169, -0.0762223, 0.954365, -0.180727, 0.0458219, -0.0363249, -0.0260431, -0.0476594, -0.0727463
0.408333, -0.211537, 0.0375384, 0.733083, -0.0655131, 0.076906, 0.0824723, -0.0172135, -0.187616, -0.0828818, 0.152314, 0.250086, -0.00746903, 0.0304751, -0.117093, 0.19661, -0.0869004, 0.939619, -0.179242, 0.0358623, -0.0384922, -0.0223011, -0.0384279, -0.0775795
0.416667, -0.202984, 0.0377658, 0.733815, -0.0655197, 0.074048, 0.0877725, 0.00132469, -0.191305, -0.0875701, 0.14023, 0.252808, -0.012901, 0.030652, -0.135855, 0.210264, -0.0980533, 0.91948, -0.171889, 0.0282484, -0.0398543, -0.018685, -0.0295596, -0.0821399
0.425, -0.194329, 0.0380075, 0.734336, -0.0667705, 0.069924, 0.0916787, 0.0223201, -0.195427, -0.0905627, 0.126374, 0.257192, -0.0175927, 0.0313843, -0.150547, 0.226884, -0.106902, 0.894623, -0.160032, 0.0212374, -0.0505543, -0.0136263, -0.0201822, -0.0849591
0.433333, -0.185664, 0.0382802, 0.734674, -0.0674601, 0.0653543, 0.0955138, 0.0422375, -0.202115, -0.0938567, 0.112819, 0.264786, -0.0223714, 0.0321695, -0.164617, 0.242783, -0.116113, 0.865872, -0.143729, 0.0171382, -0.0488933, -0.00924392, -0.0108153, -0.0878085
0.441667, -0.17693, 0.038571, 0.734797, -0.0688787, 0.0606448, 0.0987627, 0.0629082, -0.212465, -0.0966864, 0.0991877, 0.275875, -0.0274931, 0.0317879, -0.17655, 0.257385, -0.124853, 0.833354, -0.125114, 0.0145394, -0.0472476, -0.00418204, -0.00195136, -0.0899953
0.45, -0.168117, 0.0388897, 0.734706, -0.0711513, 0.0560705, 0.101442, 0.0847262, -0.226031, -0.0988796, 0.0849954, 0.288847, -0.032841, 0.0299319, -0.186438, 0.270367, -0.133133, 0.797785, -0.104826, 0.0130382, -0.0467453, 0.00157472, 0.00631708, -0.0914575
0.458333, -0.159239, 0.0392366, 0.734414, -0.073796, 0.0517199, 0.103213, 0.107512, -0.241132, -0.0999594, 0.0702278, 0.303103, -0.038266, 0.028865, -0.194699, 0.281549, -0.140508, 0.758786, -0.0857112, 0.0126716, -0.044046, 0.0073748, 0.0143303, -0.0917812
0.466667, -0.150293, 0.0396096, 0.733914, -0.0770751, 0.0475613, 0.103682, 0.132056, -0.256201, -0.0994465, 0.0549202, 0.318976, -0.0437768, 0.0316629, -0.201424, 0.291731, -0.146127, 0.717279, -0.0705174, 0.0128345, -0.0397459, 0.0135405, 0.021968, -0.090517
0.475, -0.141278, 0.0399888, 0.733182, -0.0815964, 0.0439626, 0.103124, 0.158701, -0.273211, -0.0974405, 0.0387169, 0.335278, -0.0488096, 0.0329337, -0.206362, 0.300621, -0.150129, 0.673512, -0.0589185, 0.0137173, -0.037326, 0.0208233, 0.0285091, -0.0880925
0.483333, -0.132214, 0.0403592, 0.732192, -0.087063, 0.0409663, 0.10156, 0.187139, -0.291288, -0.0936181, 0.0213994, 0.349572, -0.0528664, 0.0280974, -0.20976, 0.306511, -0.152876, 0.627175, -0.0517434, 0.0150302, -0.0325807, 0.0289463, 0.0339351, -0.084596
0.491667, -0.123108, 0.0407502, 0.730963, -0.0927734, 0.0379088, 0.0983684, 0.217053, -0.306134, -0.0876495, 0.00388728, 0.36208, -0.0565669, 0.0246703, -0.212269, 0.30976, -0.1537, 0.578764, -0.0518101, 0.0159943, -0.0201466, 0.0371309, 0.0390328, -0.079224
0.5, -0.114035, 0.0411962, 0.72955, -0.0971431, 0.034577, 0.0948252, 0.24514, -0.316619, -0.0817196, -0.0119316, 0.372225, -0.060479, 0.0242338, -0.216075, 0.312987, -0.15363, 0.530287, -0.0600389, 0.0165352, -0.0240512, 0.0437351, 0.0441527, -0.073572
0.508333, -0.104939, 0.0416403, 0.727936, -0.101506, 0.0309728, 0.090201, 0.272698, -0.324943, -0.0749356, -0.0256262, 0.38134, -0.0649083, 0.0239591, -0.219194, 0.31468, -0.151951, 0.479873, -0.0735955, 0.0167638, -0.0248109, 0.0502199, 0.0491511, -0.0668798
0.516667, -0.0958011, 0.0420754, 0.726149, -0.105577, 0.0270923, 0.0845531, 0.299254, -0.330651, -0.0674554, -0.0369369, 0.38887, -0.070122, 0.0246736, -0.222038, 0.314764, -0.148591, 0.428087, -0.0915275, 0.0163746, -0.0236418, 0.0561462, 0.0540682, -0.0592337
0.525, -0.0866283, 0.0424982, 0.724208, -0.108779, 0.0227722, 0.078147, 0.324091, -0.332142, -0.0597931, -0.0461056, 0.393319, -0.0758025, 0.025721, -0.225164, 0.31294, -0.143834, 0.375139, -0.111653, 0.0155122, -0.0217685, 0.0608573, 0.0591237, -0.051
0.533333, -0.0774318, 0.0428829, 0.72214, -0.110597, 0.0180715, 0.0710154, 0.346549, -0.328307, -0.0521588, -0.053073, 0.394372, -0.0815293, 0.026028, -0.229285, 0.309176, -0.137584, 0.321703, -0.131953, 0.0144836, -0.0198607, 0.0637497, 0.064308, -0.042327
0.541667, -0.0681807, 0.0432413, 0.719977, -0.111548, 0.0133035, 0.0640077, 0.366708, -0.321668, -0.0454609, -0.057599, 0.393851, -0.0876536, 0.0249149, -0.233537, 0.303821, -0.130834, 0.268346, -0.150311, 0.0140701, -0.0176923, 0.0653908, 0.0692538, -0.0341964
0.55, -0.0588336, 0.0435458, 0.717759, -0.112081, 0.00885095, 0.057617, 0.384303, -0.316601, -0.0401906, -0.0586033, 0.395129, -0.0948909, 0.0231561, -0.237163, 0.298343, -0.123939, 0.216071, -0.167201, 0.0145835, -0.0154887, 0.0662402, 0.0735747, -0.0272762
0.558333, -0.0493851, 0.0437471, 0.715559, -0.11123, 0.00451104, 0.0512948, 0.398719, -0.310352, -0.0356878, -0.0565437, 0.395812, -0.102177, 0.0234097, -0.241244, 0.295297, -0.116008, 0.165923, -0.184836, 0.0165109, -0.012788, 0.0650729, 0.0775233, -0.0210739
0.566667, -0.0398161, 0.0438497, 0.713429, -0.108807, -0.000225457, 0.0452082, 0.410288, -0.299771, -0.032109, -0.0524474, 0.393338, -0.10847, 0.0249832, -0.245383, 0.296934, -0.107329, 0.118133, -0.206197, 0.0204038, -0.00801647, 0.0616393, 0.0815235, -0.0158006
0.575, -0.0301006, 0.0438721, 0.711396, -0.105419, -0.0057634, 0.0398944, 0.419417, -0.28532, -0.0301661, -0.0462592, 0.387964, -0.113631, 0.0257084, -0.248543, 0.306067, -0.0987635, 0.0733455, -0.234615, 0.0257746, -0.00350341, 0.0566735, 0.08589, -0.0120485
0.583333, -0.0201916, 0.0438494, 0.709494, -0.102177, -0.0118055, 0.0354744, 0.425864, -0.27376, -0.0301932, -0.0354115, 0.384914, -0.118914, 0.0264153, -0.249655, 0.32257, -0.0910718, 0.0320122, -0.268909, 0.0320295, -0.000662545, 0.0513749, 0.0902941, -0.0098097
0.591667, -0.010117, 0.0439026, 0.707722, -0.0990985, -0.018827, 0.0310926, 0.431649, -0.257688, -0.031216, -0.0231459, 0.378715, -0.12233, 0.0275959, -0.249696, 0.343755, -0.083781, -0.00467786, -0.304058, 0.0379211, 0.00116804, 0.0457518, 0.0952359, -0.00764879
0.6, 7.33812e-05, 0.0440982, 0.706047, -0.0960458, -0.0260353, 0.0265296, 0.435982, -0.239831, -0.0328309, -0.00814132, 0.371257, -0.12436, 0.0285737, -0.250444, 0.3638, -0.0767382, -0.0344302, -0.331319, 0.0421692, -4.36951e-05, 0.0397292, 0.0999441, -0.00502703
0.608333, 0.0103397, 0.0444453, 0.704433, -0.0927222, -0.0326458, 0.0217456, 0.438088, -0.222079, -0.0346824, 0.0106786, 0.363988, -0.125457, 0.0296244, -0.253246, 0.37603, -0.0693839, -0.0559791, -0.342569, 0.0444687, -0.00509588, 0.0330506, 0.103739, -0.00182722
0.616667, 0.0207231, 0.0448663, 0.702904, -0.0895251, -0.038696, 0.0169346, 0.438832, -0.204069, -0.0366145, 0.0324896, 0.356308, -0.12504, 0.0307671, -0.257801, 0.380531, -0.0612882, -0.0680339, -0.337215, 0.0458901, -0.00880445, 0.0261469, 0.106771, 0.00145828
0.625, 0.0312468, 0.0452728, 0.701517, -0.0862378, -0.0450976, 0.0122975, 0.43943, -0.178745, -0.0384218, 0.0544487, 0.342048, -0.121476, 0.0320245, -0.264005, 0.381948, -0.0521525, -0.0699115, -0.320106, 0.0496749, -0.00644389, 0.0187236, 0.109989, 0.00430297
0.633333, 0.0418648, 0.0455734, 0.700322, -0.0819035, -0.0522718, 0.00779985, 0.439557, -0.140193, -0.0395523, 0.0755057, 0.317028, -0.114108, 0.0344133, -0.272483, 0.381665, -0.0415645, -0.062489, -0.295359, 0.0600708, 0.00329302, 0.00970983, 0.113834, 0.00655239
0.641667, 0.0528969, 0.0458686, 0.699401, -0.0826029, -0.0556525, 0.00905051, 0.437046, -0.141916, -0.0473081, 0.110716, 0.323029, -0.110718, 0.0347806, -0.271722, 0.378428, -0.0385507, -0.0502425, -0.267566, 0.079514, 0.019004, 0.00643061, 0.113758, 0.00127597
0.65, 0.0637522, 0.0461926, 0.698741, -0.078969, -0.0581753, 0.0106642, 0.431306, -0.124217, -0.052917, 0.143334, 0.309949, -0.100999, 0.0360771, -0.276931, 0.366607, -0.0356993, -0.0321547, -0.231024, 0.108328, 0.0327458, -0.00166183, 0.112837, -0.00422404
0.658333, 0.0745137, 0.0465998, 0.698379, -0.0742374, -0.0571043, 0.0152426, 0.42174, -0.115086, -0.0598095, 0.179934, 0.299356, -0.0881583, 0.0374127, -0.283004, 0.344879, -0.0372824, -0.00985038, -0.190963, 0.143177, 0.0408518, -0.0104765, 0.108563, -0.0132094
0.666667, 0.0851766, 0.0471627, 0.698342, -0.0693224, -0.0521136, 0.0218899, 0.410174, -0.11437, -0.0671798, 0.218923, 0.291654, -0.0711322, 0.0404317, -0.289893, 0.315664, -0.0424799, 0.0173762, -0.155193, 0.177719, 0.0487553, -0.0190612, 0.100862, -0.0244176
0.675, 0.0957839, 0.0479484, 0.698668, -0.0649837, -0.043155, 0.0297249, 0.398062, -0.122493, -0.0744463, 0.258538, 0.286594, -0.0483605, 0.0440204, -0.297016, 0.282577, -0.0507395, 0.0484611, -0.128336, 0.205966, 0.0562314, -0.026842, 0.08991, -0.0365888
0.683333, 0.106405, 0.0489424, 0.699369, -0.0623544, -0.0310733, 0.0382138, 0.386336, -0.140622, -0.0821032, 0.297856, 0.283519, -0.0182131, 0.0461182, -0.302296, 0.250078, -0.061493, 0.0806496, -0.112433, 0.223997, 0.0601147, -0.0327445, 0.0767445, -0.0491325
0.691667, 0.117058, 0.0500564, 0.700413, -0.062111, -0.0175422, 0.0463361, 0.375224, -0.165144, -0.0899854, 0.337664, 0.281052, 0.0192243, 0.048373, -0.304041, 0.221431, -0.0729067, 0.11139, -0.106708, 0.231303, 0.0608986, -0.0360101, 0.063138, -0.0609472
0.7, 0.127713, 0.0512062, 0.701744, -0.0638511, -0.00388213, 0.0534328, 0.363488, -0.192492, -0.0979955, 0.379687, 0.278962, 0.0620049, 0.05051, -0.301421, 0.196758, -0.0836112, 0.137801, -0.106581, 0.230689, 0.0598502, -0.0369507, 0.0504469, -0.0712794
0.708333, 0.138317, 0.0523689, 0.70332, -0.0668535, 0.00881013, 0.0598656, 0.349151, -0.219836, -0.107105, 0.425197, 0.27474, 0.107692, 0.0512835, -0.293836, 0.176331, -0.0936273, 0.15731, -0.107362, 0.225187, 0.0570353, -0.0361282, 0.0397143, -0.080495
0.716667, 0.148799, 0.0535408, 0.705085, -0.0706292, 0.0194459, 0.0667276, 0.330702, -0.243841, -0.118905, 0.475257, 0.266964, 0.150292, 0.0503913, -0.281014, 0.161594, -0.10377, 0.169347, -0.107664, 0.216493, 0.0523563, -0.0337292, 0.0318447, -0.0898572
0.725, 0.159091, 0.0546302, 0.707001, -0.0744361, 0.027474, 0.0741484, 0.30801, -0.261663, -0.132997, 0.528842, 0.257066, 0.185305, 0.0473377, -0.263898, 0.152616, -0.113859, 0.174943, -0.108053, 0.205673, 0.0470733, -0.030392, 0.0271422, -0.0997649
0.733333, 0.169208, 0.0555275, 0.709095, -0.0776247, 0.0329007, 0.0804418, 0.282113, -0.270988, -0.146077, 0.584247, 0.247678, 0.209164, 0.0420751, -0.243831, 0.149404, -0.121929, 0.175182, -0.109176, 0.193818, 0.0430611, -0.0270456, 0.0252932, -0.108492
0.741667, 0.179165, 0.0561975, 0.711314, -0.0808294, 0.0357125, 0.0858965, 0.25537, -0.273128, -0.15776, 0.638653, 0.242954, 0.220306, 0.0363526, -0.220298, 0.153042, -0.128346, 0.170602, -0.111906, 0.182155, 0.0414923, -0.0229323, 0.0259257, -0.116461
0.75, 0.189026, 0.0566571, 0.713712, -0.0832553, 0.0368989, 0.0886272, 0.227921, -0.270217, -0.165078, 0.689639, 0.242348, 0.221101, 0.0352871, -0.195068, 0.161717, -0.131467, 0.161938, -0.116692, 0.171407, 0.0412827, -0.0195603, 0.0278185, -0.121351
0.758333, 0.198751, 0.0568988, 0.716205, -0.0844024, 0.0368821, 0.0881925, 0.202792, -0.25992, -0.164783, 0.731612, 0.241912, 0.214294, 0.0413644, -0.16982, 0.172464, -0.131082, 0.149917, -0.12218, 0.161831, 0.0412801, -0.0175501, 0.0304877, -0.122662
0.766667, 0.208373, 0.0570412, 0.718697, -0.0854903, 0.0361143, 0.0862082, 0.177942, -0.25038, -0.161975, 0.76794, 0.247645, 0.202511, 0.0477222, -0.143476, 0.183245, -0.129305, 0.134857, -0.128049, 0.153416, 0.0411521, -0.0155488, 0.0334012, -0.121977
0.775, 0.217938, 0.0570959, 0.721141, -0.0869314, 0.0348317, 0.0830986, 0.154361, -0.242138, -0.157048, 0.797977, 0.258848, 0.189367, 0.0522054, -0.116639, 0.196479, -0.126394, 0.119618, -0.137218, 0.144974, 0.0406604, -0.0132575, 0.0363589, -0.119822
0.783333, 0.227465, 0.0571329, 0.723486, -0.0887079, 0.0335729, 0.0790523, 0.131923, -0.23594, -0.150426, 0.821918, 0.272904, 0.176077, 0.0560729, -0.0898574, 0.209997, -0.122678, 0.10449, -0.148319, 0.136521, 0.0403588, -0.0108245, 0.0388644, -0.116301
0.791667, 0.236907, 0.0572539, 0.725651, -0.0902258, 0.0329733, 0.0740542, 0.108526, -0.233373, -0.143321, 0.842048, 0.288428, 0.163617, 0.0614124, -0.0639041, 0.216862, -0.118466, 0.0876415, -0.155706, 0.129011, 0.040042, -0.00889163, 0.040376, -0.111151
0.8, 0.246297, 0.0573988, 0.727596, -0.0919555, 0.0327378, 0.0690467, 0.0854248, -0.233238, -0.136332, 0.858365, 0.304036, 0.1508, 0.0651902, -0.0386518, 0.21975, -0.114376, 0.0709999, -0.160586, 0.121555, 0.0389309, -0.00683669, 0.0413065, -0.105737
0.808333, 0.255674, 0.0575188, 0.729339, -0.0940329, 0.0327741, 0.0642609, 0.0631683, -0.235172, -0.129505, 0.870275, 0.31655, 0.138235, 0.0661938, -0.0143329, 0.222821, -0.110324, 0.0566256, -0.16619, 0.113234, 0.0373347, -0.00455194, 0.0417898, -0.100543
0.816667, 0.264996, 0.0576329, 0.730879, -0.0958462, 0.0334671, 0.0592573, 0.0411681, -0.239089, -0.122429, 0.877636, 0.324101, 0.126429, 0.0689027, 0.00820831, 0.224968, -0.105819, 0.0443408, -0.171827, 0.104345, 0.0356795, -0.0026597, 0.0414115, -0.0950121
0.825, 0.274207, 0.0577612, 0.7322, -0.0969031, 0.0349642, 0.0541301, 0.0183455, -0.245537, -0.115737, 0.881893, 0.328089, 0.114842, 0.0733101, 0.0288849, 0.223034, -0.101081, 0.0324391, -0.174509, 0.0961067, 0.034194, -0.00154493, 0.04001, -0.0892098
0.833333, 0.283301, 0.0579092, 0.733282, -0.097475, 0.0367732, 0.0495645, -0.00523553, -0.253495, -0.110174, 0.883974, 0.32889, 0.102836, 0.0748964, 0.048556, 0.218068, -0.0969488, 0.0203594, -0.173882, 0.0890552, 0.0337357, -0.000732701, 0.038059, -0.083935
0.841667, 0.292318, 0.0580366, 0.73415, -0.0977876, 0.0383655, 0.0455192, -0.028516, -0.260843, -0.105001, 0.882827, 0.326146, 0.0903839, 0.0729745, 0.0671647, 0.215401, -0.0932546, 0.0100781, -0.173997, 0.0819798, 0.0339877, -2.3003e-05, 0.036118, -0.0792602
0.85, 0.301281, 0.0581298, 0.734814, -0.0977998, 0.0400514, 0.0419938, -0.0512615, -0.268298, -0.100358, 0.877931, 0.320017, 0.0780907, 0.0720634, 0.0848461, 0.213973, -0.0898989, 0.00141966, -0.175661, 0.0745364, 0.0350681, 0.000457148, 0.0338236, -0.075249
0.858333, 0.310208, 0.0582176, 0.735256, -0.0978192, 0.041956, 0.0394257, -0.0736654, -0.276356, -0.0970476, 0.870017, 0.310927, 0.0665196, 0.0694797, 0.102502, 0.211403, -0.0874213, -0.00705493, -0.176857, 0.0672258, 0.037268, 0.00107024, 0.030917, -0.0723341
0.866667, 0.319133, 0.058277, 0.735497, -0.0980372, 0.043467, 0.0376344, -0.0950621, -0.28361, -0.0943841, 0.858871, 0.299257, 0.0553415, 0.0663858, 0.120199, 0.210668, -0.0856748, -0.0147425, -0.178656, 0.0595339, 0.0387381, 0.00194769, 0.0279473, -0.0703421
0.875, 0.328064, 0.0582689, 0.735555, -0.0983383, 0.0441698, 0.0359004, -0.115271, -0.289399, -0.0913255, 0.844208, 0.285372, 0.0447714, 0.065903, 0.137499, 0.213728, -0.0838102, -0.0208779, -0.18287, 0.0507463, 0.0408667, 0.00288312, 0.0252413, -0.0685028
0.883333, 0.336989, 0.058186, 0.735438, -0.0989149, 0.0441996, 0.0346992, -0.134497, -0.294147, -0.0885498, 0.826433, 0.269369, 0.034883, 0.0678755, 0.154887, 0.218824, -0.0823626, -0.0259197, -0.189094, 0.0409061, 0.0420052, 0.00417423, 0.0225522, -0.0674343
0.891667, 0.345889, 0.0580594, 0.735165, -0.0998128, 0.0438171, 0.0347961, -0.152839, -0.298081, -0.087049, 0.805864, 0.25383, 0.0247569, 0.068489, 0.172682, 0.223608, -0.0823854, -0.0307445, -0.194664, 0.0307761, 0.0382788, 0.00595139, 0.019565, -0.0679986
0.9, 0.354769, 0.0579051, 0.734739, -0.101168, 0.0432021, 0.0358031, -0.16943, -0.301263, -0.0861317, 0.782339, 0.241572, 0.0136565, 0.0653662, 0.190842, 0.227981, -0.0834129, -0.0351307, -0.199474, 0.0204695, 0.0339886, 0.00832425, 0.0160698, -0.0696452
0.908333, 0.363627, 0.0577002, 0.734183, -0.102436, 0.0424465, 0.0369491, -0.184705, -0.303018, -0.084815, 0.755231, 0.232124, 0.00327062, 0.0626164, 0.208391, 0.231948, -0.084199, -0.0377063, -0.206638, 0.00914787, 0.0298601, 0.0105708, 0.0120996, -0.0715093
0.916667, 0.372475, 0.0574521, 0.733519, -0.103504, 0.0417491, 0.0384056, -0.199133, -0.303195, -0.0836468, 0.724434, 0.22395, -0.00530151, 0.0674922, 0.2251, 0.23551, -0.0848003, -0.0381256, -0.216548, -0.00324219, 0.0225935, 0.0125132, 0.00763944, -0.073776
0.925, 0.381313, 0.057253, 0.732674, -0.105158, 0.0418932, 0.0398315, -0.21134, -0.303438, -0.08247, 0.690571, 0.220741, -0.012739, 0.067955, 0.241272, 0.238582, -0.0859212, -0.0390669, -0.217467, -0.0135593, 0.0286288, 0.0151505, 0.00203623, -0.0756452
0.933333, 0.390233, 0.057018, 0.731755, -0.107067, 0.0427892, 0.0423624, -0.222102, -0.304574, -0.0827119, 0.654204, 0.224045, -0.018714, 0.0626758, 0.257915, 0.237672, -0.0875964, -0.0399878, -0.21812, -0.0237656, 0.0299476, 0.0177777, -0.00436183, -0.0787854
0.941667, 0.399209, 0.056743, 0.730758, -0.108747, 0.0442725, 0.0452117, -0.23195, -0.306182, -0.0834485, 0.614903, 0.231003, -0.0222968, 0.0606324, 0.274063, 0.233404, -0.0890763, -0.0405662, -0.21815, -0.0337931, 0.029981, 0.0198993, -0.0112764, -0.0822104
0.95, 0.408265, 0.0564103, 0.729674, -0.11066, 0.045785, 0.0480978, -0.239708, -0.306284, -0.0838522, 0.572734, 0.241814, -0.0245001, 0.058026, 0.290093, 0.229285, -0.0903066, -0.0401481, -0.219071, -0.0439922, 0.0303134, 0.0220848, -0.0180304, -0.085583
0.958333, 0.4174, 0.0560352, 0.7285, -0.112854, 0.0471077, 0.0510111, -0.245631, -0.30494, -0.0841253, 0.528666, 0.256511, -0.0260326, 0.0552514, 0.306272, 0.225444, -0.0914237, -0.039242, -0.220073, -0.0541376, 0.0315214, 0.024458, -0.024255, -0.0888571
0.966667, 0.426613, 0.05564, 0.727239, -0.115075, 0.0482279, 0.0539146, -0.25051, -0.303214, -0.0845898, 0.483254, 0.27318, -0.0268552, 0.0556791, 0.322481, 0.22149, -0.0924879, -0.0381823, -0.220502, -0.0641134, 0.0325232, 0.0267443, -0.0299291, -0.0919422
0.975, 0.435919, 0.0552245, 0.725879, -0.117525, 0.0490588, 0.0567794, -0.253667, -0.300468, -0.0849201, 0.436357, 0.290213, -0.0269575, 0.0543806, 0.339064, 0.218338, -0.0935544, -0.0367051, -0.221512, -0.0740843, 0.032692, 0.0291565, -0.0349712, -0.0947799
0.983333, 0.445307, 0.054814, 0.724428, -0.119977, 0.049616, 0.0596881, -0.25567, -0.296546, -0.085222, 0.388762, 0.305064, -0.026174, 0.0499227, 0.355812, 0.215335, -0.0947526, -0.0351172, -0.222258, -0.0835552, 0.0325211, 0.0314627, -0.0393211, -0.0973916
0.991667, 0.454768, 0.0544289, 0.722914, -0.121882, 0.0499388, 0.0624387, -0.257932, -0.29261, -0.0857501, 0.341848, 0.315517, -0.0245913, 0.0483461, 0.371902, 0.212554, -0.0958852, -0.0332383, -0.222267, -0.092471, 0.0313396, 0.0330218, -0.0429996, -0.0995127
1, 0.464284, 0.0540424, 0.721345, -0.122819, 0.0500791, 0.0644999, -0.259923, -0.287674, -0.0854831, 0.294761, 0.31971, -0.0219055, 0.0504037, 0.386504, 0.210699, -0.0963211, -0.0303237, -0.222504, -0.101309, 0.0304564, 0.0334103, -0.0460694, -0.100619
1.00833, 0.473868, 0.0537256, 0.719722, -0.123364, 0.0503066, 0.0664826, -0.261564, -0.283566, -0.0856413, 0.248474, 0.319091, -0.0185481, 0.0483391, 0.400555, 0.208583, -0.0966931, -0.0269534, -0.222602, -0.109573, 0.0311489, 0.033294, -0.0488722, -0.101193
1.01667, 0.483573, 0.0535175, 0.718088, -0.124156, 0.0508242, 0.0685644, -0.263457, -0.284771, -0.087261, 0.205184, 0.317948, -0.0153121, 0.0409744, 0.414917, 0.206219, -0.0971391, -0.0234494, -0.22271, -0.116848, 0.0326743, 0.0332627, -0.0516325, -0.101296
1.025, 0.493416, 0.0533469, 0.716496, -0.125019, 0.0517797, 0.0700012, -0.265349, -0.292816, -0.0890859, 0.164965, 0.319263, -0.012155, 0.0330877, 0.428842, 0.204522, -0.0966616, -0.0189698, -0.223363, -0.123378, 0.0333695, 0.033026, -0.0544139, -0.100261
1.03333, 0.503402, 0.0531625, 0.714975, -0.126042, 0.0534494, 0.0708, -0.266743, -0.308105, -0.0907012, 0.127594, 0.325859, -0.00892189, 0.0245942, 0.442171, 0.202698, -0.0950028, -0.0133938, -0.22357, -0.128843, 0.0328004, 0.0326336, -0.057555, -0.0982678
1.04167, 0.513542, 0.0529067, 0.713512, -0.127678, 0.0559172, 0.0711659, -0.266614, -0.328699, -0.0917356, 0.0927491, 0.338001, -0.00538723, 0.0159758, 0.455491, 0.199571, -0.09219, -0.00705751, -0.222531, -0.132842, 0.0333945, 0.0326038, -0.0612944, -0.095721
1.05, 0.52382, 0.0525224, 0.712098, -0.129921, 0.0588625, 0.071393, -0.264864, -0.350859, -0.0919054, 0.0613503, 0.35383, -0.00201085, 0.0108163, 0.468662, 0.194966, -0.0884972, 0.000748147, -0.220967, -0.135717, 0.0348529, 0.0329447, -0.0653576, -0.0931547
1.05833, 0.53421, 0.0519553, 0.710731, -0.13239, 0.0618803, 0.071865, -0.262343, -0.370861, -0.091565, 0.034967, 0.370279, 0.000708109, 0.00922653, 0.481018, 0.188493, -0.0843413, 0.0105718, -0.218412, -0.1376, 0.0341178, 0.0331927, -0.0693952, -0.0912622
1.06667, 0.544676, 0.0512066, 0.709373, -0.134816, 0.0649534, 0.0726701, -0.259556, -0.385494, -0.0910493, 0.0147347, 0.383558, 0.00258389, 0.00902856, 0.492071, 0.179071, -0.0798922, 0.0222921, -0.213065, -0.138273, 0.0333019, 0.0330503, -0.0735387, -0.0902055
1.075, 0.555218, 0.050352, 0.708001, -0.13708, 0.0679369, 0.0738866, -0.257154, -0.393279, -0.0909117, 0.0021445, 0.39151, 0.00321902, 0.00970707, 0.50144, 0.168225, -0.075465, 0.036937, -0.206264, -0.138274, 0.0348713, 0.0323332, -0.0776748, -0.0898661
1.08333, 0.565859, 0.0494489, 0.706646, -0.138604, 0.0706545, 0.0754408, -0.2562, -0.39439, -0.0916419, -0.0017492, 0.394164, 0.00381331, 0.0121036, 0.508248, 0.156858, -0.0713449, 0.055175, -0.198097, -0.137776, 0.0359164, 0.0302277, -0.081418, -0.0900422
1.09167, 0.576586, 0.0485232, 0.705325, -0.138882, 0.0734038, 0.0773428, -0.256777, -0.388531, -0.0934351, 0.00212824, 0.390612, 0.0110306, 0.0109114, 0.511905, 0.142075, -0.0676977, 0.0762717, -0.185834, -0.13604, 0.0351365, 0.0260539, -0.0848136, -0.0907227
1.1, 0.587346, 0.0476093, 0.704033, -0.137695, 0.0761258, 0.0795191, -0.258788, -0.374644, -0.0960163, 0.0125308, 0.378508, 0.0287096, -0.000893376, 0.511842, 0.12434, -0.0646511, 0.100869, -0.170264, -0.132958, 0.0341014, 0.0197367, -0.0875992, -0.0917226
1.10833, 0.598026, 0.0467166, 0.702799, -0.133806, 0.0778068, 0.0811413, -0.263757, -0.349822, -0.0981553, 0.0305046, 0.3583, 0.0544984, -0.0140598, 0.50613, 0.107362, -0.0622379, 0.130336, -0.153186, -0.128478, 0.0333442, 0.0103698, -0.0885191, -0.0921177
1.11667, 0.608526, 0.0457628, 0.701681, -0.126354, 0.0773567, 0.0813573, -0.272657, -0.311501, -0.0981632, 0.0565358, 0.330978, 0.0854473, -0.0201262, 0.493772, 0.0926543, -0.0603959, 0.164602, -0.134653, -0.121951, 0.0316532, -0.00252104, -0.0863542, -0.0911918
1.125, 0.618876, 0.0446526, 0.700761, -0.116824, 0.0745365, 0.0795186, -0.284289, -0.264528, -0.0944759, 0.0892248, 0.299843, 0.118144, -0.0234798, 0.476992, 0.082217, -0.0582276, 0.202468, -0.11651, -0.112495, 0.0284117, -0.0170592, -0.0811135, -0.0882737
1.13333, 0.629182, 0.0433806, 0.700135, -0.107756, 0.0696839, 0.0752669, -0.295886, -0.215914, -0.0864867, 0.125864, 0.269177, 0.146019, -0.0272474, 0.459249, 0.0791368, -0.0544067, 0.242764, -0.102036, -0.0990744, 0.0245419, -0.0304468, -0.0736914, -0.0827235
1.14167, 0.639533, 0.0419916, 0.699875, -0.101062, 0.0633965, 0.0687375, -0.304527, -0.169967, -0.0746482, 0.163295, 0.243624, 0.16384, -0.0308542, 0.443044, 0.0851088, -0.0479562, 0.284499, -0.0932904, -0.0804142, 0.0200665, -0.0407234, -0.0651986, -0.0744828
1.15, 0.649986, 0.0405656, 0.700016, -0.0978386, 0.0568179, 0.0601567, -0.308314, -0.131457, -0.0602427, 0.198725, 0.225888, 0.167878, -0.0311153, 0.429544, 0.0997625, -0.0380086, 0.326759, -0.090242, -0.055439, 0.0166639, -0.0468963, -0.0570617, -0.0636284
1.15833, 0.660535, 0.0391655, 0.700562, -0.0979908, 0.0511917, 0.0502851, -0.306481, -0.103216, -0.0450314, 0.229419, 0.214259, 0.161928, -0.0265215, 0.417585, 0.119727, -0.0247341, 0.370175, -0.0898123, -0.0245058, 0.0163361, -0.0492434, -0.0504377, -0.0510765
1.16667, 0.671117, 0.0378578, 0.701483, -0.100323, 0.0473988, 0.0402041, -0.299763, -0.0861445, -0.0309354, 0.254364, 0.205731, 0.150983, -0.0193498, 0.404761, 0.13988, -0.00931662, 0.415785, -0.0879931, 0.0104972, 0.0171403, -0.0491155, -0.0459119, -0.0381436
1.175, 0.681629, 0.0366818, 0.702708, -0.103558, 0.0460219, 0.0303154, -0.28893, -0.0799137, -0.0186864, 0.273496, 0.200605, 0.136564, -0.0123595, 0.388941, 0.157226, 0.0077259, 0.464757, -0.0838768, 0.0459054, 0.0179261, -0.0477322, -0.0438509, -0.0253396
1.18333, 0.691973, 0.0356666, 0.70419, -0.106414, 0.0473205, 0.0217232, -0.275224, -0.0832657, -0.00942566, 0.286711, 0.198305, 0.120644, -0.0059834, 0.368581, 0.167462, 0.0243402, 0.51793, -0.077198, 0.0772799, 0.0183788, -0.0463731, -0.0441745, -0.0140417
1.19167, 0.701999, 0.0347623, 0.705885, -0.106582, 0.0505159, 0.014781, -0.25938, -0.0863182, -0.00166002, 0.290066, 0.19267, 0.108085, 0.00109167, 0.341201, 0.169695, 0.0389357, 0.575339, -0.0691735, 0.1009, 0.0157251, -0.0473629, -0.0456674, -0.00492074
1.2, 0.711719, 0.0340401, 0.707716, -0.104981, 0.0557844, 0.00946142, -0.242272, -0.0950532, 0.00379498, 0.287097, 0.189852, 0.0974428, 0.00581366, 0.308577, 0.166642, 0.0515422, 0.634847, -0.0630703, 0.114871, 0.0111455, -0.049528, -0.0482983, 0.00229006
1.20833, 0.72109, 0.0335131, 0.709602, -0.101478, 0.0623534, 0.00635923, -0.224906, -0.105218, 0.00690348, 0.278631, 0.187463, 0.088633, 0.00900021, 0.271993, 0.159096, 0.0603396, 0.693648, -0.0603334, 0.119541, 0.00813349, -0.0529072, -0.0511418, 0.00687205
1.21667, 0.730148, 0.0331767, 0.711524, -0.0963454, 0.069639, 0.00609825, -0.208619, -0.117306, 0.00688848, 0.267442, 0.187281, 0.0809236, 0.0117558, 0.232891, 0.14829, 0.0639425, 0.749224, -0.0621388, 0.116975, 0.00459152, -0.0573797, -0.0535251, 0.00804305
1.225, 0.738942, 0.0329722, 0.713446, -0.0904638, 0.0771776, 0.00833339, -0.192981, -0.130751, 0.004344, 0.254655, 0.190288, 0.0738139, 0.0122183, 0.19255, 0.137323, 0.063174, 0.79989, -0.0693494, 0.109549, -0.00361261, -0.062027, -0.0550404, 0.00611133
1.23333, 0.747532, 0.0328955, 0.715387, -0.0840086, 0.0841993, 0.0137835, -0.178477, -0.143726, -0.00148129, 0.241065, 0.195813, 0.0670282, 0.00972525, 0.152474, 0.127993, 0.0570163, 0.842914, -0.0816837, 0.100272, -0.0133167, -0.0669387, -0.0549801, 0.000213111
1.24167, 0.755918, 0.0328994, 0.717289, -0.0771607, 0.0908202, 0.021201, -0.165452, -0.156422, -0.00928265, 0.227743, 0.203047, 0.0606511, 0.0070533, 0.113144, 0.117993, 0.0456603, 0.878019, -0.0947512, 0.090436, -0.0221453, -0.0718329, -0.0537906, -0.00825823
1.25, 0.764206, 0.0329074, 0.719124, -0.0711948, 0.096754, 0.0293756, -0.152068, -0.168295, -0.0174218, 0.214388, 0.210855, 0.0547997, 0.00367323, 0.075294, 0.111987, 0.032884, 0.906542, -0.110687, 0.080787, -0.0302559, -0.0753846, -0.0516164, -0.017904
1.25833, 0.772455, 0.0329158, 0.720891, -0.0663266, 0.101654, 0.037933, -0.138104, -0.178192, -0.025574, 0.20158, 0.218863, 0.0489651, 0.00134941, 0.0395589, 0.109857, 0.0193351, 0.928434, -0.127698, 0.0716136, -0.0384952, -0.0774532, -0.0483667, -0.0281544
1.26667, 0.780697, 0.0328799, 0.72258, -0.0626015, 0.105184, 0.0462208, -0.122883, -0.184636, -0.0327444, 0.188395, 0.22478, 0.0436405, 0.00133977, 0.00601846, 0.111832, 0.00607744, 0.944254, -0.144042, 0.0628102, -0.0464386, -0.0779752, -0.0438932, -0.0382206
1.275, 0.788964, 0.0327623, 0.724162, -0.0602056, 0.107396, 0.0543671, -0.105797, -0.187864, -0.038916, 0.17384, 0.22667, 0.0392853, -0.00242335, -0.0250848, 0.117207, -0.00691608, 0.954839, -0.1574, 0.0539106, -0.051899, -0.0767845, -0.0383776, -0.0483042
1.28333, 0.797251, 0.0325934, 0.725627, -0.0586154, 0.108363, 0.0619584, -0.0878586, -0.188474, -0.044167, 0.159549, 0.226419, 0.0347538, -0.00632362, -0.0543272, 0.124953, -0.0193192, 0.96095, -0.166013, 0.0447827, -0.0532333, -0.0745012, -0.031954, -0.0578309
1.29167, 0.805591, 0.0324171, 0.726978, -0.0578749, 0.107917, 0.0686261, -0.0688802, -0.187171, -0.0483305, 0.145654, 0.225135, 0.0297592, -0.00668455, -0.0800592, 0.135836, -0.0301342, 0.960404, -0.170825, 0.0361565, -0.0549215, -0.0711494, -0.0245002, -0.0661694
1.3, 0.813932, 0.0322528, 0.728189, -0.0575058, 0.106849, 0.0752022, -0.0496341, -0.186566, -0.0525711, 0.131747, 0.223558, 0.0247459, -0.00915728, -0.104454, 0.147711, -0.0410463, 0.955912, -0.169596, 0.0292479, -0.0567469, -0.0672288, -0.0167929, -0.0743735
1.30833, 0.822271, 0.0321129, 0.729245, -0.0573729, 0.105366, 0.0809606, -0.0306227, -0.189134, -0.0562321, 0.118564, 0.223801, 0.0197833, -0.00932721, -0.127314, 0.159961, -0.0512044, 0.947334, -0.163874, 0.0235008, -0.0551634, -0.0629241, -0.00915769, -0.0815562
1.31667, 0.830612, 0.032012, 0.730122, -0.0575539, 0.103678, 0.0856632, -0.0114728, -0.195352, -0.0588823, 0.105539, 0.226248, 0.01509, -0.00678882, -0.148635, 0.172489, -0.0601479, 0.934756, -0.154361, 0.0188567, -0.0533641, -0.0582157, -0.00184065, -0.0873947
1.325, 0.838978, 0.0319681, 0.730789, -0.0584676, 0.101924, 0.090211, 0.008986, -0.204405, -0.0614427, 0.0913752, 0.231784, 0.0105258, -0.00868613, -0.167701, 0.1849, -0.0689459, 0.917874, -0.141851, 0.0155112, -0.0540209, -0.0526544, 0.00501458, -0.0928808
1.33333, 0.847406, 0.0319975, 0.731257, -0.0600893, 0.100155, 0.094384, 0.0305114, -0.217628, -0.0638036, 0.0765777, 0.242165, 0.00587378, -0.0112917, -0.184157, 0.196521, -0.077569, 0.895936, -0.126992, 0.0137016, -0.0534614, -0.0464255, 0.0113284, -0.0976825
1.34167, 0.855937, 0.0320823, 0.731532, -0.0625496, 0.0985546, 0.0976688, 0.0534149, -0.236277, -0.0649859, 0.0605121, 0.256337, 0.00177425, -0.0105457, -0.198291, 0.207177, -0.0852497, 0.869719, -0.110769, 0.0127763, -0.0528319, -0.03957, 0.016907, -0.101195
1.35, 0.864542, 0.0321535, 0.731578, -0.0654833, 0.0968575, 0.099887, 0.0777136, -0.256184, -0.064499, 0.0433391, 0.271731, -0.00198104, -0.0066749, -0.211021, 0.216967, -0.0916726, 0.840764, -0.0948074, 0.0115979, -0.0509858, -0.0324486, 0.0221129, -0.103409
1.35833, 0.873254, 0.0322188, 0.73141, -0.0693367, 0.0950993, 0.101339, 0.103703, -0.27802, -0.0628579, 0.0259191, 0.290602, -0.00617182, -0.0038609, -0.221137, 0.225027, -0.0974671, 0.808269, -0.0809167, 0.0103211, -0.0460406, -0.0246896, 0.0269425, -0.104637
1.36667, 0.88205, 0.032288, 0.731025, -0.0741341, 0.0929885, 0.102599, 0.130713, -0.300937, -0.0607058, 0.00900569, 0.310814, -0.0110238, -0.00545712, -0.228138, 0.231451, -0.103149, 0.771761, -0.0709174, 0.00954219, -0.0392503, -0.0161768, 0.0316596, -0.105538
1.375, 0.890877, 0.0323504, 0.730435, -0.0788941, 0.089941, 0.103532, 0.157454, -0.32092, -0.0581496, -0.00696944, 0.328684, -0.0161422, -0.00756755, -0.234106, 0.240107, -0.10832, 0.730837, -0.0583425, 0.0123003, -0.0408292, -0.00788849, 0.0368803, -0.106085
1.38333, 0.899743, 0.0324031, 0.729646, -0.0836391, 0.0860285, 0.102957, 0.183908, -0.337238, -0.0541416, -0.021102, 0.34366, -0.0215525, -0.00726265, -0.238648, 0.246703, -0.111722, 0.687303, -0.0527449, 0.0147371, -0.0358482, 0.000105774, 0.0424654, -0.104888
1.39167, 0.908648, 0.0324757, 0.728698, -0.0880856, 0.0812483, 0.101519, 0.209381, -0.349461, -0.0497143, -0.0328905, 0.356008, -0.0275937, -0.00557544, -0.241954, 0.253935, -0.113908, 0.640518, -0.0525165, 0.0181937, -0.0344705, 0.00744483, 0.0483844, -0.102717
1.4, 0.917575, 0.0325815, 0.727607, -0.0919367, 0.0755009, 0.099264, 0.233397, -0.355848, -0.0452852, -0.0421952, 0.364579, -0.0341832, -0.00304439, -0.244193, 0.261332, -0.115045, 0.590341, -0.0579168, 0.0224906, -0.0358229, 0.013831, 0.054644, -0.0996259
1.40833, 0.926558, 0.0327027, 0.726375, -0.0957669, 0.0689139, 0.0956868, 0.257162, -0.357435, -0.0401626, -0.0499279, 0.370539, -0.0409421, -8.57495e-05, -0.24501, 0.267947, -0.114449, 0.53749, -0.0695624, 0.0264951, -0.0335321, 0.0198347, 0.0610022, -0.0949995
1.41667, 0.935586, 0.032835, 0.725002, -0.0994123, 0.061446, 0.0910269, 0.279994, -0.354301, -0.0348102, -0.0556136, 0.373605, -0.0481177, 0.00181152, -0.244818, 0.275161, -0.112179, 0.482688, -0.0870506, 0.0299465, -0.0295292, 0.0253209, 0.0675551, -0.0891734
1.425, 0.944671, 0.0330005, 0.723523, -0.102756, 0.0535569, 0.0856029, 0.301646, -0.348389, -0.0295024, -0.0595727, 0.374655, -0.0553928, 0.00372544, -0.243874, 0.282313, -0.108756, 0.426396, -0.109, 0.0326554, -0.0279035, 0.0300796, 0.0739549, -0.0824823
1.43333, 0.953834, 0.0332048, 0.721961, -0.106247, 0.0456378, 0.0794334, 0.322604, -0.342152, -0.0241748, -0.0616383, 0.376348, -0.0631008, 0.00618166, -0.241869, 0.287543, -0.104555, 0.368818, -0.132179, 0.0344236, -0.0264062, 0.0345638, 0.0798518, -0.0748677
1.44167, 0.963052, 0.0334144, 0.720319, -0.109529, 0.0376553, 0.0727049, 0.342355, -0.335041, -0.0191093, -0.0616315, 0.378705, -0.0712878, 0.00767896, -0.239676, 0.290515, -0.0996804, 0.311177, -0.153487, 0.0358091, -0.0239154, 0.0384114, 0.0852098, -0.0668162
1.45, 0.972299, 0.0335598, 0.71861, -0.111789, 0.0295397, 0.065666, 0.35996, -0.325417, -0.0144563, -0.0599501, 0.37923, -0.0792142, 0.00792962, -0.238466, 0.291882, -0.0939446, 0.254851, -0.172324, 0.0370386, -0.0216845, 0.0408515, 0.0903324, -0.0588792
1.45833, 0.9816, 0.0335897, 0.716873, -0.112999, 0.0216348, 0.0588139, 0.37499, -0.315588, -0.0104811, -0.056065, 0.379086, -0.0869427, 0.00755422, -0.238211, 0.293371, -0.087549, 0.201281, -0.190135, 0.0387387, -0.0183972, 0.0418557, 0.0949785, -0.0518618
1.46667, 0.990999, 0.0335151, 0.715163, -0.113624, 0.0136984, 0.0531508, 0.388781, -0.303605, -0.00802555, -0.0517533, 0.377096, -0.0936326, 0.00653263, -0.238041, 0.299621, -0.08122, 0.152019, -0.210723, 0.0413648, -0.0130554, 0.0420392, 0.0993926, -0.046937
1.475, 1.00039, 0.0335186, 0.713481, -0.112147, 0.00671791, 0.0480577, 0.398261, -0.291401, -0.00672293, -0.0441934, 0.373834, -0.100017, 0.00544417, -0.237412, 0.300668, -0.0759331, 0.101092, -0.22857, 0.0483276, -0.00770708, 0.0396881, 0.102675, -0.0427485
1.48333, 1.01002, 0.0332775, 0.711956, -0.111188, -0.00059738, 0.0444747, 0.407161, -0.280828, -0.00721506, -0.0347881, 0.372119, -0.105852, 0.00481802, -0.236591, 0.316807, -0.0709079, 0.0592689, -0.258362, 0.0538944, -0.000884698, 0.0376031, 0.106271, -0.041454
1.49167, 1.0198, 0.033122, 0.710528, -0.110314, -0.00770369, 0.0420697, 0.414953, -0.270475, -0.00946876, -0.0235443, 0.370018, -0.110982, 0.00520402, -0.234026, 0.337019, -0.0678536, 0.0212427, -0.292192, 0.0593817, 0.00389251, 0.0354038, 0.109803, -0.0416206
1.5, 1.02966, 0.0331393, 0.709163, -0.109578, -0.014499, 0.0400127, 0.422101, -0.25814, -0.0125656, -0.0108035, 0.365801, -0.114785, 0.00661804, -0.231124, 0.356771, -0.0661014, -0.0112769, -0.322075, 0.0629805, 0.00545262, 0.0332396, 0.113385, -0.0418749
1.50833, 1.03958, 0.0333821, 0.707821, -0.108709, -0.020571, 0.0377444, 0.428236, -0.243878, -0.0157454, 0.00398363, 0.359579, -0.117171, 0.00804801, -0.229941, 0.370539, -0.0648625, -0.0359124, -0.338033, 0.0645282, 0.00310633, 0.0307315, 0.116579, -0.0414496
1.51667, 1.04952, 0.0337598, 0.706508, -0.106975, -0.0256883, 0.0347036, 0.432379, -0.227384, -0.0180699, 0.0211517, 0.350168, -0.117769, 0.0104412, -0.23224, 0.373202, -0.0625998, -0.0510416, -0.335615, 0.0637976, -0.00159318, 0.0269621, 0.119331, -0.0399108
1.525, 1.05956, 0.0343054, 0.705245, -0.104758, -0.0302021, 0.0314651, 0.434402, -0.210213, -0.0204329, 0.0414951, 0.339332, -0.117272, 0.0134625, -0.237963, 0.369107, -0.0590586, -0.0541247, -0.319606, 0.0597282, -0.004711, 0.0223224, 0.122217, -0.0378327
1.53333, 1.0698, 0.0348165, 0.704099, -0.103499, -0.0351238, 0.0289803, 0.436048, -0.193476, -0.0238258, 0.0645494, 0.328695, -0.11565, 0.0137946, -0.243509, 0.364041, -0.0553578, -0.0475149, -0.295683, 0.0550994, -0.00420546, 0.0183838, 0.126344, -0.0370476
1.54167, 1.08022, 0.035233, 0.70311, -0.101897, -0.0408035, 0.0271035, 0.43702, -0.170545, -0.0276247, 0.0881784, 0.312802, -0.111512, 0.014141, -0.249531, 0.358742, -0.0513155, -0.0331575, -0.268024, 0.0544006, 0.00224178, 0.0136079, 0.132023, -0.0374892
1.55, 1.09075, 0.0355271, 0.702283, -0.099386, -0.0465629, 0.0253497, 0.437112, -0.14119, -0.0306587, 0.11195, 0.291475, -0.104382, 0.018254, -0.256635, 0.351745, -0.046511, -0.012829, -0.240132, 0.0603549, 0.015957, 0.00733216, 0.138611, -0.0385547
1.55833, 1.10159, 0.0358383, 0.701692, -0.0998613, -0.0485141, 0.0265846, 0.43458, -0.143894, -0.0370817, 0.146375, 0.293605, -0.0983647, 0.0223257, -0.25785, 0.338042, -0.0460376, 0.00884171, -0.213104, 0.0739346, 0.0329246, 0.00413444, 0.14224, -0.0434894
1.56667, 1.11222, 0.0361702, 0.701236, -0.0974491, -0.0487615, 0.0284195, 0.428896, -0.140494, -0.0424389, 0.179996, 0.287876, -0.0874046, 0.0267611, -0.262426, 0.312765, -0.0463203, 0.031949, -0.183094, 0.0935017, 0.0451565, -0.00190073, 0.145153, -0.0490489
1.575, 1.12269, 0.0366244, 0.701005, -0.0931435, -0.045988, 0.0315497, 0.419834, -0.140737, -0.0475789, 0.214877, 0.280922, -0.07182, 0.0308475, -0.269422, 0.277006, -0.0490027, 0.0569259, -0.15397, 0.115814, 0.0488108, -0.0095981, 0.145943, -0.0558466
1.58333, 1.13308, 0.0372779, 0.701104, -0.0881672, -0.0400569, 0.0361534, 0.407928, -0.150376, -0.0536786, 0.251952, 0.277446, -0.0510733, 0.0361425, -0.277721, 0.237392, -0.0548132, 0.0845142, -0.132184, 0.137197, 0.0508628, -0.0177758, 0.144435, -0.0639512
1.59167, 1.14345, 0.038028, 0.70154, -0.0843652, -0.0325842, 0.0411491, 0.396138, -0.165695, -0.0602813, 0.289113, 0.275134, -0.0235608, 0.0385972, -0.285192, 0.201432, -0.0619455, 0.114048, -0.120877, 0.15383, 0.0542609, -0.0243954, 0.142334, -0.0723608
1.6, 1.15392, 0.0390096, 0.702355, -0.0832048, -0.0240086, 0.0476401, 0.382376, -0.196064, -0.0712004, 0.33138, 0.280704, 0.00982453, 0.0363829, -0.287128, 0.169867, -0.0715331, 0.140015, -0.118035, 0.165416, 0.0514549, -0.0277922, 0.140279, -0.0819048
1.60833, 1.16448, 0.0400231, 0.703568, -0.0841388, -0.0162527, 0.0533553, 0.368166, -0.225692, -0.0830105, 0.375822, 0.283693, 0.0489227, 0.0368679, -0.284623, 0.149234, -0.079722, 0.163593, -0.122591, 0.17144, 0.0443634, -0.0289552, 0.14001, -0.0901539
1.61667, 1.17506, 0.0409224, 0.705044, -0.0873053, -0.0099538, 0.0573782, 0.353649, -0.250748, -0.0944704, 0.42363, 0.284088, 0.089554, 0.0351588, -0.276971, 0.13473, -0.0857205, 0.182838, -0.125011, 0.173448, 0.041286, -0.0275266, 0.1417, -0.0963248
1.625, 1.18562, 0.0417653, 0.70673, -0.0920332, -0.00563749, 0.0609836, 0.336842, -0.27148, -0.107355, 0.474815, 0.279018, 0.128588, 0.0342745, -0.263755, 0.126366, -0.0907072, 0.196412, -0.123654, 0.172207, 0.0417769, -0.024041, 0.145596, -0.101735
1.63333, 1.19611, 0.0425944, 0.708608, -0.0974929, -0.00369145, 0.0652678, 0.315081, -0.287176, -0.123093, 0.529331, 0.263019, 0.164027, 0.0484758, -0.245814, 0.125697, -0.0954821, 0.204944, -0.120767, 0.167285, 0.0383532, -0.0193128, 0.151637, -0.107685
