0, 0.491051, -0.120439, 0.865658, -0.184949, -3.12705, -0.131108, 0.0701787, -0.185483, -0.157283, 0.72006, 0.228384, -0.610425, -0.149816, 0.469747, -0.254366, 0.161521, -0.0481741, 0.0434277, -0.632018, 0.0482667, -0.0388311, -0.0118658, 0.0594398
0.00833333, 0.483238, -0.119897, 0.863161, -0.188069, -3.12603, -0.133145, 0.0534856, -0.183925, -0.140788, 0.696293, 0.205914, -0.616893, -0.145562, 0.478056, -0.247386, 0.16911, -0.049731, 0.0397448, -0.641599, 0.0493138, -0.0385812, -0.0157954, 0.0614357
0.0166667, 0.475412, -0.119168, 0.860624, -0.191649, -3.12479, -0.135559, 0.0415038, -0.181705, -0.123811, 0.663355, 0.18921, -0.621468, -0.144769, 0.485815, -0.242951, 0.177059, -0.0506492, 0.0378394, -0.651113, 0.0511863, -0.039005, -0.0201141, 0.0633537
0.025, 0.467553, -0.118372, 0.857961, -0.195096, -3.12345, -0.136623, 0.0298279, -0.177969, -0.108697, 0.628639, 0.178309, -0.625404, -0.146452, 0.494789, -0.241569, 0.184068, -0.0516613, 0.0380821, -0.659937, 0.0509922, -0.0395358, -0.0244861, 0.0634903
0.0333333, 0.459641, -0.117525, 0.855159, -0.198146, -3.12202, -0.136455, 0.0183255, -0.173158, -0.0956289, 0.592793, 0.173153, -0.629093, -0.145896, 0.504754, -0.241718, 0.19027, -0.0524507, 0.0395696, -0.668217, 0.0491941, -0.0399418, -0.0288431, 0.0620394
0.0416667, 0.451645, -0.116627, 0.852216, -0.200528, -3.12053, -0.135138, 0.00710636, -0.168155, -0.0848472, 0.555875, 0.173354, -0.632679, -0.145446, 0.515716, -0.242261, 0.195795, -0.0527981, 0.041393, -0.676139, 0.0461289, -0.0400057, -0.0331036, 0.0591099
0.05, 0.443691, -0.115457, 0.849291, -0.205563, -3.12019, -0.136767, 0.00105093, -0.157477, -0.0685129, 0.507794, 0.175324, -0.632577, -0.145644, 0.522138, -0.243121, 0.202639, -0.0518918, 0.0437014, -0.683978, 0.0436801, -0.0434136, -0.0365723, 0.0590135
0.0583333, 0.43564, -0.114348, 0.84614, -0.20889, -3.11951, -0.136588, -0.00577461, -0.14635, -0.0560928, 0.461914, 0.181574, -0.633206, -0.148746, 0.531845, -0.244654, 0.208898, -0.0517369, 0.0464274, -0.691363, 0.043349, -0.0452182, -0.039901, 0.0570754
0.0666667, 0.427504, -0.113219, 0.842862, -0.211702, -3.11888, -0.1354, -0.0131506, -0.134451, -0.0458965, 0.417027, 0.191529, -0.633885, -0.152378, 0.542957, -0.247052, 0.214577, -0.0516518, 0.0498353, -0.698496, 0.042108, -0.0467985, -0.0430087, 0.0540178
0.075, 0.419315, -0.112051, 0.839502, -0.214562, -3.11821, -0.133912, -0.0202036, -0.121313, -0.036872, 0.371572, 0.20372, -0.634098, -0.154867, 0.553948, -0.249344, 0.219934, -0.0511747, 0.0537214, -0.70558, 0.0405967, -0.0486233, -0.0460647, 0.0506432
0.0833333, 0.411104, -0.11088, 0.836069, -0.217698, -3.11751, -0.132608, -0.0265838, -0.105883, -0.0283246, 0.324924, 0.214206, -0.632907, -0.15396, 0.564374, -0.251043, 0.225288, -0.0504177, 0.0573311, -0.712556, 0.039465, -0.0508019, -0.0491399, 0.0476976
0.0916667, 0.402846, -0.109724, 0.832577, -0.221221, -3.117, -0.131333, -0.0324392, -0.0875222, -0.0202986, 0.27731, 0.219827, -0.629658, -0.1521, 0.574447, -0.252272, 0.230414, -0.0495468, 0.0602214, -0.719114, 0.0371241, -0.0535647, -0.0520566, 0.0450667
0.1, 0.394531, -0.108668, 0.828996, -0.224866, -3.1166, -0.129624, -0.0380113, -0.0663797, -0.0137733, 0.230281, 0.220859, -0.625261, -0.151716, 0.58452, -0.252715, 0.234905, -0.0487104, 0.0624761, -0.724987, 0.036241, -0.0566006, -0.05484, 0.042435
0.108333, 0.38616, -0.107763, 0.825342, -0.228686, -3.11633, -0.12734, -0.0441477, -0.0448686, -0.00928248, 0.185632, 0.218027, -0.61983, -0.152423, 0.594015, -0.251619, 0.23833, -0.0473308, 0.0635611, -0.73014, 0.0372003, -0.0599566, -0.0574535, 0.0397608
0.116667, 0.377689, -0.106989, 0.821656, -0.232608, -3.11612, -0.124272, -0.0513398, -0.0271614, -0.00726752, 0.144852, 0.213943, -0.613525, -0.154828, 0.60299, -0.249377, 0.240481, -0.0450076, 0.0636356, -0.734306, 0.0370842, -0.0636941, -0.0598635, 0.0366886
0.125, 0.369111, -0.106307, 0.817957, -0.236675, -3.11582, -0.120819, -0.0592137, -0.0148613, -0.00707284, 0.108387, 0.210523, -0.606613, -0.156991, 0.611825, -0.24765, 0.241945, -0.0419234, 0.063989, -0.737234, 0.0371343, -0.0678789, -0.0621908, 0.0335945
0.133333, 0.360409, -0.105676, 0.81426, -0.240851, -3.11536, -0.117435, -0.0675967, -0.00884403, -0.00777158, 0.0769153, 0.208854, -0.5994, -0.159994, 0.620709, -0.247264, 0.243323, -0.037836, 0.0643507, -0.739071, 0.0386261, -0.0725015, -0.0645326, 0.0309209
0.141667, 0.351504, -0.105025, 0.810572, -0.24446, -3.11459, -0.114047, -0.0754525, -0.00879324, -0.00925434, 0.0505526, 0.209917, -0.592866, -0.164452, 0.630004, -0.247396, 0.245056, -0.0325685, 0.0643997, -0.739832, 0.0397412, -0.0769853, -0.0668627, 0.0283499
0.15, 0.342361, -0.104268, 0.806891, -0.246969, -3.11339, -0.111275, -0.0812432, -0.0122064, -0.0107775, 0.0285472, 0.212625, -0.587095, -0.169666, 0.639897, -0.247743, 0.248225, -0.0262006, 0.0648801, -0.739596, 0.0406398, -0.080749, -0.0692616, 0.0264041
0.158333, 0.332981, -0.103372, 0.803223, -0.248397, -3.11189, -0.109644, -0.0846553, -0.016488, -0.0114826, 0.0112814, 0.214766, -0.581961, -0.173149, 0.64996, -0.247809, 0.253151, -0.0183079, 0.065041, -0.738443, 0.0421661, -0.0838142, -0.0716968, 0.0256625
0.166667, 0.323348, -0.102342, 0.799585, -0.249061, -3.11039, -0.109318, -0.0865815, -0.0215133, -0.0109894, 0.000322864, 0.216735, -0.577918, -0.170219, 0.659131, -0.2463, 0.259534, -0.00840277, 0.0640719, -0.736195, 0.0442492, -0.0866472, -0.0739369, 0.0263397
0.175, 0.313434, -0.101185, 0.795959, -0.248632, -3.10889, -0.109957, -0.0868407, -0.0265178, -0.00983001, -0.00380081, 0.219282, -0.574422, -0.165617, 0.667974, -0.243326, 0.267247, 0.00353525, 0.0617128, -0.732895, 0.0452316, -0.0889761, -0.0758866, 0.0280343
0.183333, 0.303246, -0.0999278, 0.792343, -0.24693, -3.1075, -0.111036, -0.0848647, -0.0286727, -0.00865043, -0.00193003, 0.222305, -0.566176, -0.169508, 0.67675, -0.239124, 0.27568, 0.0178612, 0.057877, -0.7286, 0.0436732, -0.0906114, -0.0773594, 0.030172
0.191667, 0.292882, -0.098615, 0.788768, -0.244719, -3.10647, -0.113132, -0.0816081, -0.0270908, -0.0067363, 0.00635806, 0.225713, -0.549086, -0.178437, 0.683776, -0.233655, 0.284647, 0.0352471, 0.0531956, -0.723167, 0.042714, -0.0921389, -0.0782261, 0.0335635
0.2, 0.282448, -0.0972902, 0.785302, -0.243041, -3.10613, -0.116754, -0.0787243, -0.0214388, -0.00315234, 0.021814, 0.230729, -0.52442, -0.188167, 0.687719, -0.227999, 0.293841, 0.0559387, 0.0485867, -0.716065, 0.0430502, -0.094442, -0.0783995, 0.0389268
0.208333, 0.271996, -0.0959528, 0.782019, -0.242216, -3.10675, -0.121778, -0.0766504, -0.00989678, 0.00257299, 0.0435044, 0.236015, -0.495196, -0.195127, 0.68751, -0.221503, 0.302655, 0.080425, 0.0435579, -0.706839, 0.0437729, -0.0977587, -0.0776732, 0.0460558
0.216667, 0.261556, -0.0945659, 0.778978, -0.242088, -3.10863, -0.128504, -0.0749582, 0.00812998, 0.0112644, 0.0694472, 0.239572, -0.465765, -0.200808, 0.682314, -0.212656, 0.311338, 0.10887, 0.0373116, -0.695021, 0.0461783, -0.101771, -0.0758707, 0.0551827
0.225, 0.251114, -0.0931181, 0.776228, -0.242091, -3.11192, -0.137065, -0.0733148, 0.0311104, 0.0231294, 0.0984819, 0.2396, -0.440822, -0.206175, 0.672824, -0.201104, 0.320481, 0.140546, 0.0294253, -0.679565, 0.0483053, -0.105791, -0.073063, 0.066437
0.233333, 0.240625, -0.0916348, 0.773802, -0.241236, -3.11623, -0.147429, -0.0708776, 0.0559186, 0.0374002, 0.129886, 0.237234, -0.425777, -0.208092, 0.659716, -0.185569, 0.330941, 0.175035, 0.0184598, -0.659378, 0.0492624, -0.108677, -0.0697734, 0.0798078
0.241667, 0.23002, -0.090158, 0.771689, -0.238278, -3.12057, -0.15919, -0.0658145, 0.0785632, 0.052126, 0.161677, 0.234164, -0.424078, -0.20701, 0.644091, -0.16534, 0.343664, 0.211738, 0.00438625, -0.633762, 0.0512626, -0.108973, -0.0669406, 0.0948072
0.25, 0.219275, -0.0887186, 0.769897, -0.23309, -3.12412, -0.171916, -0.0563193, 0.0984648, 0.0658493, 0.19009, 0.228558, -0.433104, -0.204245, 0.626886, -0.142477, 0.358764, 0.249888, -0.0103461, -0.602346, 0.0550349, -0.10647, -0.0653265, 0.110849
0.258333, 0.208406, -0.0873249, 0.768447, -0.226272, -3.1264, -0.185267, -0.0414717, 0.115101, 0.0778236, 0.212332, 0.219713, -0.446606, -0.198447, 0.608205, -0.119836, 0.375763, 0.289402, -0.022412, -0.565248, 0.059971, -0.101745, -0.0653607, 0.127425
0.266667, 0.197459, -0.0860046, 0.767327, -0.218314, -3.12686, -0.198773, -0.0213639, 0.125007, 0.0870329, 0.228549, 0.211607, -0.462144, -0.189723, 0.587443, -0.0991604, 0.394055, 0.331657, -0.0308467, -0.524639, 0.0663493, -0.0951396, -0.0672757, 0.143988
0.275, 0.186505, -0.0848154, 0.766519, -0.209965, -3.1251, -0.211087, 0.00317943, 0.127022, 0.0921656, 0.238464, 0.206438, -0.477541, -0.181864, 0.566109, -0.0845317, 0.41152, 0.377402, -0.0353817, -0.484513, 0.0737443, -0.0873219, -0.0710062, 0.159037
0.283333, 0.175629, -0.0837917, 0.76603, -0.202486, -3.12129, -0.221064, 0.0308411, 0.123611, 0.0930643, 0.240392, 0.202418, -0.490837, -0.175646, 0.544895, -0.0789369, 0.425385, 0.426734, -0.0354498, -0.449267, 0.0780906, -0.0796966, -0.0760071, 0.171297
0.291667, 0.164936, -0.0830091, 0.765791, -0.196642, -3.11593, -0.227461, 0.0588176, 0.114427, 0.0892942, 0.237099, 0.201985, -0.502479, -0.171094, 0.524032, -0.0826214, 0.432754, 0.479025, -0.0315643, -0.422272, 0.0784154, -0.0731937, -0.0814365, 0.17954
0.3, 0.154511, -0.0825696, 0.765676, -0.192442, -3.10917, -0.229072, 0.0841753, 0.0961769, 0.0798352, 0.233671, 0.209649, -0.51419, -0.169586, 0.505462, -0.0955874, 0.431322, 0.531398, -0.0238146, -0.404711, 0.0798731, -0.0678473, -0.0867588, 0.182636
0.308333, 0.144431, -0.0821938, 0.765728, -0.191292, -3.1024, -0.22938, 0.110603, 0.0898788, 0.0711469, 0.217967, 0.210025, -0.520368, -0.166994, 0.482281, -0.110792, 0.425038, 0.583239, -0.0199855, -0.396833, 0.0841021, -0.0652778, -0.0910515, 0.183996
0.316667, 0.134651, -0.0820522, 0.765767, -0.1912, -3.09507, -0.225897, 0.134052, 0.0780563, 0.0587056, 0.202872, 0.216026, -0.526246, -0.16745, 0.45912, -0.128202, 0.412007, 0.632454, -0.0216556, -0.398044, 0.0854651, -0.0634222, -0.0942152, 0.181155
0.325, 0.12517, -0.0820205, 0.765775, -0.192241, -3.08777, -0.220061, 0.155269, 0.0664599, 0.044819, 0.186838, 0.22338, -0.531294, -0.169434, 0.434519, -0.145416, 0.393756, 0.678061, -0.0306171, -0.406224, 0.0821884, -0.0624577, -0.0959192, 0.175514
0.333333, 0.115916, -0.0821246, 0.765798, -0.195268, -3.08121, -0.21015, 0.172338, 0.0579145, 0.0283166, 0.170554, 0.22981, -0.536008, -0.172361, 0.410094, -0.162595, 0.367692, 0.716508, -0.0445661, -0.417244, 0.0752623, -0.0640605, -0.0958407, 0.164946
0.341667, 0.106901, -0.0822798, 0.765707, -0.19883, -3.07537, -0.198992, 0.187554, 0.0518233, 0.0115309, 0.154446, 0.23432, -0.540527, -0.176738, 0.384598, -0.177091, 0.338268, 0.749359, -0.0629907, -0.430474, 0.0676586, -0.0660562, -0.0941715, 0.152819
0.35, 0.0980526, -0.0824524, 0.765505, -0.202494, -3.07041, -0.187102, 0.201923, 0.0494189, -0.00526107, 0.138169, 0.235348, -0.544907, -0.180994, 0.359054, -0.188659, 0.306553, 0.77594, -0.0825271, -0.444803, 0.057144, -0.0681228, -0.0910027, 0.13974
0.358333, 0.0893056, -0.0826402, 0.765159, -0.205244, -3.06636, -0.175127, 0.216679, 0.0490858, -0.0220184, 0.122384, 0.233834, -0.54985, -0.184772, 0.333894, -0.195715, 0.274526, 0.79718, -0.100779, -0.460228, 0.0388088, -0.0691411, -0.0864217, 0.126626
0.366667, 0.0805991, -0.0828294, 0.76472, -0.207497, -3.06331, -0.162722, 0.230847, 0.0492127, -0.0391185, 0.108178, 0.231074, -0.555625, -0.187076, 0.30778, -0.197526, 0.242357, 0.813617, -0.11894, -0.47467, 0.0369327, -0.0698471, -0.0806002, 0.112943
0.375, 0.0719213, -0.0830133, 0.764161, -0.208685, -3.06125, -0.151406, 0.246642, 0.0516258, -0.0553269, 0.0936561, 0.225456, -0.561041, -0.186721, 0.283372, -0.195514, 0.212112, 0.823327, -0.134849, -0.489465, 0.0324071, -0.0693539, -0.0738346, 0.100634
0.383333, 0.0632725, -0.083206, 0.763492, -0.209209, -3.06018, -0.140331, 0.263288, 0.055771, -0.0715222, 0.0789552, 0.21766, -0.566111, -0.185657, 0.260499, -0.190253, 0.182744, 0.827208, -0.146891, -0.503907, 0.0309444, -0.0682661, -0.0660706, 0.0887126
0.391667, 0.0546491, -0.0834183, 0.762676, -0.208742, -3.06011, -0.13001, 0.281364, 0.0610905, -0.0873541, 0.0640043, 0.208452, -0.570921, -0.184185, 0.239417, -0.181351, 0.155346, 0.825345, -0.153737, -0.517558, 0.0260047, -0.0661328, -0.0572638, 0.0779073
0.4, 0.0460533, -0.0836474, 0.76171, -0.20785, -3.06082, -0.120212, 0.30005, 0.0667177, -0.102925, 0.0490504, 0.198822, -0.575355, -0.182914, 0.219672, -0.169864, 0.129399, 0.818283, -0.155662, -0.530188, 0.025806, -0.0634444, -0.0480518, 0.0677806
0.408333, 0.0374757, -0.0839367, 0.760577, -0.206889, -3.0621, -0.110646, 0.31733, 0.0672254, -0.118587, 0.0361087, 0.194602, -0.580365, -0.182564, 0.202286, -0.157204, 0.104407, 0.805341, -0.153094, -0.541974, 0.0225872, -0.0605458, -0.0390168, 0.058031
0.416667, 0.0289304, -0.0842941, 0.759262, -0.206332, -3.06386, -0.101193, 0.333654, 0.0655014, -0.134221, 0.0235611, 0.193527, -0.585278, -0.181467, 0.186677, -0.144423, 0.0793834, 0.787174, -0.144701, -0.552002, 0.0202596, -0.058004, -0.0302927, 0.048532
0.425, 0.0203669, -0.0846809, 0.757697, -0.204387, -3.06657, -0.0932645, 0.352613, 0.0634892, -0.148946, 0.0092893, 0.193397, -0.589347, -0.179932, 0.174018, -0.127794, 0.0584807, 0.764552, -0.131936, -0.561208, 0.00819827, -0.0538392, -0.0212206, 0.0411181
0.433333, 0.0118866, -0.085092, 0.755951, -0.203333, -3.06997, -0.0854184, 0.36966, 0.059258, -0.163332, -0.00412883, 0.196082, -0.593675, -0.178392, 0.16203, -0.11127, 0.037185, 0.738172, -0.114796, -0.568136, 0.00842283, -0.0505859, -0.0121056, 0.0337254
0.441667, 0.00343547, -0.0855175, 0.753971, -0.201877, -3.07363, -0.0781901, 0.386456, 0.0518008, -0.177292, -0.0169829, 0.201673, -0.598577, -0.178005, 0.152032, -0.0954613, 0.0170821, 0.707981, -0.0953284, -0.573602, 0.00853351, -0.0468047, -0.00333202, 0.0270867
0.45, -0.00499674, -0.0859685, 0.751752, -0.199937, -3.07728, -0.0716112, 0.403395, 0.0418987, -0.190783, -0.0297932, 0.208235, -0.603882, -0.179106, 0.143888, -0.0808839, -0.00184543, 0.674651, -0.074124, -0.577735, 0.00723582, -0.0425058, 0.00501463, 0.021314
0.458333, -0.0134125, -0.0864535, 0.749322, -0.197799, -3.08082, -0.0661095, 0.420808, 0.0311318, -0.203322, -0.0427896, 0.215221, -0.609365, -0.17946, 0.13726, -0.0678503, -0.0192079, 0.63777, -0.0541038, -0.580413, 0.00799914, -0.0381642, 0.0131421, 0.0169581
0.466667, -0.0218292, -0.0869803, 0.746672, -0.194979, -3.08412, -0.0620647, 0.439931, 0.0206049, -0.214858, -0.0561727, 0.223182, -0.614965, -0.176, 0.131996, -0.0558592, -0.0341568, 0.598188, -0.0379166, -0.582131, 0.0102785, -0.0332257, 0.0208345, 0.0144931
0.475, -0.0302298, -0.0875188, 0.74377, -0.19131, -3.08702, -0.0593475, 0.460323, 0.00905704, -0.225313, -0.0699762, 0.230447, -0.620218, -0.174216, 0.127806, -0.045252, -0.0468073, 0.556179, -0.0250323, -0.582703, 0.0104591, -0.0273685, 0.0276508, 0.0136085
0.483333, -0.0385972, -0.0880545, 0.740596, -0.187268, -3.08952, -0.0580537, 0.481706, -0.00249842, -0.234148, -0.0845234, 0.234548, -0.624526, -0.178786, 0.124454, -0.0380341, -0.0576036, 0.511336, -0.0159624, -0.582632, 0.0126974, -0.0211402, 0.0335578, 0.014349
0.491667, -0.0469691, -0.0886365, 0.737184, -0.182845, -3.09194, -0.0586172, 0.505136, -0.0115043, -0.241329, -0.0995511, 0.236915, -0.628312, -0.182112, 0.121952, -0.0344425, -0.0660459, 0.46401, -0.0132291, -0.582947, 0.02243, -0.0146912, 0.0389012, 0.0173974
0.5, -0.0552814, -0.0892914, 0.733618, -0.179551, -3.0945, -0.0596141, 0.527553, -0.01758, -0.247878, -0.113285, 0.237969, -0.632187, -0.1825, 0.11841, -0.032308, -0.0743662, 0.416428, -0.017696, -0.583287, 0.0160075, -0.00958932, 0.0438487, 0.0209393
0.508333, -0.0635828, -0.0899573, 0.729852, -0.176196, -3.09724, -0.0619375, 0.549747, -0.0228759, -0.253066, -0.125062, 0.239032, -0.636618, -0.182686, 0.115237, -0.0332567, -0.0807623, 0.366643, -0.0258319, -0.584353, 0.0123356, -0.00456296, 0.0484717, 0.025936
0.516667, -0.0719056, -0.0906219, 0.725916, -0.172964, -3.10016, -0.0654748, 0.571492, -0.0270915, -0.25691, -0.134692, 0.239749, -0.641859, -0.181776, 0.112166, -0.0378831, -0.0853048, 0.315127, -0.036161, -0.586482, 0.0102413, 6.02946e-05, 0.0527798, 0.032212
0.525, -0.0802522, -0.0912786, 0.721832, -0.17029, -3.10341, -0.0698147, 0.592656, -0.0287813, -0.259818, -0.142634, 0.238798, -0.647494, -0.18042, 0.108989, -0.0472011, -0.0885338, 0.261962, -0.0459222, -0.589302, 0.00857795, 0.00376579, 0.0569086, 0.0392134
0.533333, -0.0886264, -0.0918903, 0.717638, -0.168592, -3.10694, -0.0748638, 0.613106, -0.0269822, -0.261829, -0.149008, 0.236096, -0.653048, -0.179682, 0.105191, -0.0619726, -0.0905843, 0.207683, -0.0525584, -0.592172, 0.00684298, 0.00607494, 0.0608039, 0.0466637
0.541667, -0.0970442, -0.0924506, 0.713344, -0.167746, -3.11057, -0.0798961, 0.631952, -0.0235415, -0.263607, -0.153082, 0.233127, -0.659047, -0.180251, 0.101129, -0.082357, -0.091873, 0.152918, -0.0535143, -0.593958, 0.00552076, 0.00716831, 0.0643336, 0.0536355
0.55, -0.105531, -0.0929005, 0.708977, -0.167679, -3.1141, -0.0847611, 0.647525, -0.0220588, -0.265055, -0.153202, 0.233043, -0.666502, -0.181305, 0.0967204, -0.10662, -0.091978, 0.0990265, -0.0494296, -0.594216, 0.00480622, 0.00713473, 0.0673818, 0.0597445
0.558333, -0.11412, -0.093178, 0.704621, -0.168917, -3.11754, -0.0900603, 0.660548, -0.0203466, -0.265374, -0.150403, 0.233863, -0.674075, -0.180294, 0.0910485, -0.131374, -0.090171, 0.0475545, -0.0435366, -0.592774, 0.00558264, 0.00525919, 0.0698504, 0.0655014
0.566667, -0.122832, -0.0932915, 0.700317, -0.171522, -3.12102, -0.0955872, 0.672311, -0.0157556, -0.264843, -0.146076, 0.233155, -0.680447, -0.178089, 0.0844398, -0.153397, -0.0865402, -0.000594337, -0.039965, -0.589493, 0.00973841, 0.00143383, 0.0717933, 0.0706666
0.575, -0.131672, -0.0932679, 0.696069, -0.175235, -3.12469, -0.100856, 0.682669, -0.00871693, -0.264045, -0.140044, 0.231043, -0.685499, -0.176904, 0.0773301, -0.168715, -0.0817024, -0.0440756, -0.0432802, -0.585091, 0.0149957, -0.00400861, 0.0733436, 0.0747458
0.583333, -0.140666, -0.0931415, 0.691892, -0.179397, -3.12848, -0.105907, 0.68897, -0.00532734, -0.262896, -0.128978, 0.232698, -0.691047, -0.175676, 0.0703652, -0.176389, -0.075925, -0.0823831, -0.0532793, -0.579808, 0.0197536, -0.0103526, 0.0745294, 0.077926
0.591667, -0.149856, -0.0930673, 0.687789, -0.182988, -3.13262, -0.110766, 0.696101, 0.000630991, -0.262451, -0.11717, 0.232659, -0.694472, -0.174162, 0.0647235, -0.177843, -0.0693859, -0.115302, -0.0666061, -0.574361, 0.0242928, -0.0165362, 0.0756586, 0.0807568
0.6, -0.159247, -0.0931207, 0.683751, -0.185676, -3.13695, -0.115243, 0.702962, 0.00648588, -0.262978, -0.103275, 0.233264, -0.69651, -0.17281, 0.0605022, -0.176303, -0.0628379, -0.142, -0.0768865, -0.569486, 0.0258232, -0.0221406, 0.0766374, 0.0832472
0.608333, -0.16885, -0.09333, 0.679761, -0.187306, -3.14121, -0.119063, 0.708652, 0.0101452, -0.264744, -0.0862512, 0.236587, -0.697792, -0.171186, 0.0579422, -0.176584, -0.0565386, -0.162462, -0.0774392, -0.565403, 0.0228175, -0.0269677, 0.0773627, 0.0851363
0.616667, -0.178707, -0.0936583, 0.675819, -0.187517, -3.14538, -0.12205, 0.714021, 0.0120083, -0.268032, -0.0668945, 0.241863, -0.697634, -0.169426, 0.0571036, -0.178414, -0.0504157, -0.175221, -0.0676956, -0.56181, 0.0201611, -0.0306662, 0.077996, 0.0860867
0.625, -0.18884, -0.0940667, 0.671964, -0.186457, -3.14967, -0.12394, 0.722399, 0.0187659, -0.273113, -0.0487573, 0.242358, -0.693732, -0.167835, 0.0574933, -0.178163, -0.0447682, -0.178721, -0.0519574, -0.556584, 0.0229723, -0.0334755, 0.0787967, 0.0856484
0.633333, -0.199233, -0.0944863, 0.668263, -0.184817, -3.15416, -0.124655, 0.735711, 0.0358067, -0.2797, -0.0336906, 0.233863, -0.684913, -0.165547, 0.0585992, -0.175057, -0.0396752, -0.173538, -0.0341797, -0.54596, 0.0333624, -0.03617, 0.0797711, 0.0835198
0.641667, -0.209879, -0.0948527, 0.664691, -0.181618, -3.15734, -0.121437, 0.729456, 0.0175773, -0.289276, 0.00163651, 0.257166, -0.683242, -0.165295, 0.0633462, -0.171399, -0.0371815, -0.162454, -0.0157319, -0.527358, 0.0504014, -0.0369763, 0.0797677, 0.0760558
0.65, -0.220607, -0.095347, 0.661469, -0.180378, -3.15955, -0.116391, 0.72833, 0.0168067, -0.299392, 0.0313359, 0.262712, -0.673488, -0.164932, 0.0672442, -0.171669, -0.0380869, -0.147495, 0.00541706, -0.499327, 0.0661969, -0.0399246, 0.078589, 0.0664909
0.658333, -0.231338, -0.0959247, 0.658599, -0.180636, -3.15982, -0.108305, 0.720136, 0.0104789, -0.310758, 0.0663342, 0.270837, -0.66097, -0.165229, 0.0711034, -0.177384, -0.043445, -0.129541, 0.025964, -0.464755, 0.0772196, -0.043963, 0.0756639, 0.0531769
0.666667, -0.242058, -0.0966384, 0.656098, -0.181673, -3.15773, -0.0980617, 0.706923, -0.000308924, -0.322931, 0.105099, 0.280707, -0.644468, -0.164607, 0.0747017, -0.186329, -0.0523139, -0.107595, 0.039104, -0.430037, 0.0884776, -0.0482495, 0.0708934, 0.0373921
0.675, -0.252771, -0.0975316, 0.653979, -0.183134, -3.15295, -0.0867812, 0.690065, -0.0152302, -0.335046, 0.146005, 0.291036, -0.62231, -0.164181, 0.0777516, -0.196651, -0.0636609, -0.0820733, 0.0424824, -0.40115, 0.0992385, -0.0525112, 0.0641603, 0.0206904
0.683333, -0.263484, -0.0985884, 0.652207, -0.184414, -3.14569, -0.0754154, 0.669653, -0.0356392, -0.346906, 0.188311, 0.301001, -0.592817, -0.166056, 0.0808595, -0.206916, -0.0759018, -0.0547244, 0.037078, -0.382016, 0.105974, -0.0561941, 0.0559271, 0.00423201
0.691667, -0.274215, -0.099758, 0.650717, -0.184547, -3.13674, -0.0650788, 0.647356, -0.0596339, -0.358298, 0.232044, 0.309906, -0.555799, -0.168554, 0.0854088, -0.216145, -0.0865874, -0.0276472, 0.0253254, -0.373095, 0.109007, -0.0583302, 0.0471636, -0.0106595
0.7, -0.284954, -0.100995, 0.64946, -0.183309, -3.12701, -0.0563669, 0.623781, -0.0848929, -0.3691, 0.278145, 0.31811, -0.513061, -0.171822, 0.0927118, -0.225588, -0.0940729, -0.00395942, 0.0124562, -0.371374, 0.109673, -0.0586964, 0.0387761, -0.0232383
0.708333, -0.295661, -0.102306, 0.648409, -0.180953, -3.11737, -0.0488552, 0.598487, -0.108743, -0.379753, 0.327247, 0.322903, -0.467005, -0.176846, 0.103829, -0.235664, -0.0982675, 0.0135459, 0.00335267, -0.373933, 0.107965, -0.0574742, 0.0315548, -0.0338817
0.716667, -0.306262, -0.103704, 0.647527, -0.177788, -3.10874, -0.0414007, 0.571355, -0.127631, -0.391028, 0.379825, 0.322148, -0.423645, -0.183363, 0.119254, -0.244542, -0.100107, 0.0243346, -0.00116723, -0.379699, 0.103615, -0.0547948, 0.0262178, -0.0438581
0.725, -0.316694, -0.105096, 0.646814, -0.174359, -3.10183, -0.0338548, 0.543352, -0.139115, -0.402163, 0.434729, 0.317234, -0.387645, -0.191489, 0.13829, -0.251065, -0.0998846, 0.0293377, -0.00252041, -0.388292, 0.0979349, -0.0511686, 0.0231536, -0.053581
0.733333, -0.327007, -0.106373, 0.646336, -0.170771, -3.09687, -0.0279034, 0.516919, -0.141959, -0.410153, 0.490353, 0.311171, -0.362883, -0.201014, 0.159999, -0.254238, -0.0960622, 0.0293926, -0.00196564, -0.399093, 0.0929317, -0.0469195, 0.0221858, -0.0613008
0.741667, -0.337179, -0.107485, 0.646028, -0.166821, -3.0939, -0.0233513, 0.493016, -0.137871, -0.415014, 0.544388, 0.308145, -0.351157, -0.210045, 0.184085, -0.252531, -0.0889877, 0.0252796, -0.000668295, -0.411095, 0.08985, -0.0417597, 0.0230437, -0.0673545
0.75, -0.347288, -0.108441, 0.645962, -0.162943, -3.09226, -0.0220518, 0.471495, -0.129576, -0.414356, 0.594971, 0.308308, -0.350352, -0.213696, 0.209095, -0.247279, -0.0776406, 0.0174126, 0.00062161, -0.423193, 0.0878301, -0.0366154, 0.0246878, -0.0694914
0.758333, -0.357293, -0.109197, 0.646082, -0.159786, -3.09157, -0.0245107, 0.455836, -0.115562, -0.405615, 0.636623, 0.30779, -0.357877, -0.209386, 0.233451, -0.241357, -0.0624017, 0.00628437, 0.00289756, -0.434514, 0.0859221, -0.0322867, 0.0266526, -0.0672579
0.766667, -0.367147, -0.109838, 0.646239, -0.157243, -3.09156, -0.0291938, 0.439941, -0.102334, -0.393269, 0.673306, 0.312779, -0.370674, -0.204446, 0.257304, -0.236676, -0.0451268, -0.0075151, 0.00642786, -0.444549, 0.0840114, -0.0285817, 0.0287432, -0.062249
0.775, -0.376866, -0.110361, 0.646369, -0.155437, -3.09194, -0.0356843, 0.423931, -0.0904552, -0.377764, 0.704431, 0.322736, -0.38491, -0.201192, 0.279194, -0.229953, -0.026785, -0.0207871, 0.007397, -0.454622, 0.0818113, -0.0257854, 0.0307472, -0.0550538
0.783333, -0.38646, -0.110814, 0.646411, -0.154605, -3.09226, -0.0437184, 0.407275, -0.0805676, -0.359487, 0.730171, 0.335123, -0.399294, -0.198374, 0.298744, -0.223225, -0.00794826, -0.0333424, 0.00690912, -0.464491, 0.0799452, -0.0242524, 0.0322364, -0.0459376
0.791667, -0.395893, -0.111277, 0.646301, -0.155161, -3.09225, -0.0531399, 0.387826, -0.0737913, -0.339337, 0.752692, 0.348743, -0.412766, -0.194021, 0.316957, -0.223651, 0.0112776, -0.0476647, 0.01077, -0.472445, 0.078523, -0.0243972, 0.0329573, -0.034915
0.8, -0.405189, -0.111685, 0.645985, -0.156674, -3.09217, -0.0628204, 0.366865, -0.069134, -0.31836, 0.771782, 0.362156, -0.426449, -0.19094, 0.333821, -0.227759, 0.0299847, -0.0616391, 0.0170409, -0.479742, 0.0765717, -0.0257089, 0.0333392, -0.0235795
0.808333, -0.414387, -0.112007, 0.645474, -0.158833, -3.09203, -0.0723481, 0.345038, -0.0666317, -0.297055, 0.786776, 0.372285, -0.439775, -0.190289, 0.348595, -0.230737, 0.0476715, -0.0729389, 0.0218341, -0.487884, 0.0741295, -0.027848, 0.0334141, -0.0125767
0.816667, -0.423466, -0.112271, 0.644786, -0.16168, -3.09152, -0.0819636, 0.322467, -0.0664912, -0.275393, 0.797479, 0.377467, -0.452392, -0.187636, 0.361463, -0.233602, 0.0646092, -0.0820791, 0.0256487, -0.496548, 0.0716532, -0.0307108, 0.0327976, -0.0015589
0.825, -0.432383, -0.1125, 0.643924, -0.165312, -3.09065, -0.091448, 0.298482, -0.0691645, -0.254027, 0.805256, 0.379239, -0.464833, -0.183051, 0.373684, -0.239896, 0.0809368, -0.0911153, 0.0318478, -0.504248, 0.0695878, -0.0342137, 0.031432, 0.00926664
0.833333, -0.441123, -0.112701, 0.642865, -0.169532, -3.08975, -0.100095, 0.273254, -0.0735739, -0.233592, 0.810823, 0.377779, -0.477698, -0.180944, 0.385865, -0.24893, 0.096134, -0.100444, 0.0411168, -0.510628, 0.0687477, -0.0380333, 0.0297027, 0.0190987
0.841667, -0.449724, -0.112856, 0.641625, -0.174058, -3.08908, -0.107894, 0.248161, -0.0779942, -0.213744, 0.813041, 0.372691, -0.491115, -0.181948, 0.396641, -0.25513, 0.109793, -0.107787, 0.0489902, -0.517429, 0.0684837, -0.0419543, 0.0279394, 0.0278849
0.85, -0.458221, -0.112956, 0.640207, -0.178757, -3.08836, -0.114821, 0.223438, -0.0832484, -0.194916, 0.811436, 0.364287, -0.504455, -0.181652, 0.40657, -0.259491, 0.122233, -0.113477, 0.054667, -0.524878, 0.0689916, -0.045859, 0.0258145, 0.035539
0.858333, -0.466635, -0.113018, 0.638585, -0.183387, -3.08743, -0.120481, 0.198799, -0.0896083, -0.177758, 0.806637, 0.352914, -0.517076, -0.182763, 0.417116, -0.26467, 0.133655, -0.119085, 0.0605999, -0.532183, 0.07068, -0.0494531, 0.0231303, 0.0416473
0.866667, -0.475, -0.113033, 0.63677, -0.187757, -3.08678, -0.125058, 0.175059, -0.0957719, -0.16179, 0.798384, 0.338962, -0.5293, -0.184118, 0.427478, -0.267762, 0.143967, -0.123889, 0.0656805, -0.539969, 0.0714968, -0.0526979, 0.0203304, 0.0464486
0.875, -0.483324, -0.112972, 0.634785, -0.191984, -3.08683, -0.129304, 0.152495, -0.101147, -0.146023, 0.786504, 0.322895, -0.540948, -0.182683, 0.436475, -0.266779, 0.153567, -0.127007, 0.0679999, -0.549119, 0.0726838, -0.0558524, 0.0176955, 0.0508157
0.883333, -0.491596, -0.11282, 0.632636, -0.196015, -3.0875, -0.132787, 0.130681, -0.105893, -0.130912, 0.771341, 0.304701, -0.551856, -0.178608, 0.444812, -0.263471, 0.162284, -0.128866, 0.068071, -0.559409, 0.0727362, -0.0587654, 0.0150709, 0.0541504
0.891667, -0.499818, -0.112601, 0.630346, -0.199734, -3.08851, -0.134715, 0.109478, -0.110022, -0.117444, 0.753072, 0.286923, -0.562831, -0.175717, 0.453656, -0.26018, 0.169544, -0.130533, 0.0685947, -0.569722, 0.0679413, -0.0612235, 0.0122332, 0.0555319
0.9, -0.508002, -0.112336, 0.627913, -0.202938, -3.08968, -0.135521, 0.0898483, -0.113568, -0.105278, 0.731575, 0.272445, -0.574565, -0.176469, 0.463065, -0.256837, 0.175856, -0.13186, 0.0695536, -0.580072, 0.0624975, -0.0630176, 0.00898328, 0.055573
0.908333, -0.516148, -0.11201, 0.625369, -0.206119, -3.09107, -0.136101, 0.0716235, -0.115821, -0.0931554, 0.706317, 0.260791, -0.585514, -0.17688, 0.471958, -0.252984, 0.181941, -0.131475, 0.0673514, -0.591439, 0.0572107, -0.0647899, 0.0053552, 0.0553106
0.916667, -0.524271, -0.111631, 0.622732, -0.209437, -3.09246, -0.136313, 0.0542589, -0.116543, -0.0814004, 0.677133, 0.250277, -0.594637, -0.169733, 0.480058, -0.248573, 0.187595, -0.129035, 0.0614634, -0.603885, 0.0488742, -0.0667514, 0.00129963, 0.0545796
0.925, -0.532361, -0.111273, 0.619917, -0.212265, -3.09303, -0.136492, 0.0388871, -0.117087, -0.0703916, 0.644663, 0.244529, -0.602526, -0.167088, 0.487928, -0.24479, 0.192471, -0.127368, 0.0643488, -0.61449, 0.0529783, -0.0679764, -0.00375966, 0.0540537
0.933333, -0.540535, -0.110858, 0.617014, -0.214843, -3.09281, -0.135566, 0.0247667, -0.118097, -0.0612426, 0.609342, 0.245063, -0.608784, -0.170344, 0.497532, -0.244308, 0.197237, -0.125824, 0.0672291, -0.624742, 0.0526854, -0.0691073, -0.00951642, 0.0521442
0.941667, -0.548764, -0.110385, 0.614029, -0.217609, -3.09212, -0.134349, 0.0116002, -0.119058, -0.0527949, 0.570861, 0.248889, -0.612676, -0.17052, 0.507834, -0.246567, 0.202136, -0.124154, 0.0702901, -0.634532, 0.051282, -0.0706247, -0.0156785, 0.049892
0.95, -0.55706, -0.109838, 0.610948, -0.220288, -3.09131, -0.133157, 0.000436551, -0.117806, -0.044449, 0.529066, 0.25585, -0.615175, -0.171225, 0.517759, -0.248379, 0.207068, -0.121412, 0.0720846, -0.644492, 0.0501018, -0.0722729, -0.0217461, 0.0477076
0.958333, -0.565422, -0.109232, 0.607767, -0.222803, -3.09058, -0.131947, -0.00896582, -0.114109, -0.0363751, 0.484826, 0.265741, -0.616957, -0.171989, 0.527583, -0.249779, 0.212044, -0.118109, 0.0736568, -0.654464, 0.0497009, -0.0739646, -0.0273547, 0.0455914
0.966667, -0.573849, -0.10859, 0.604487, -0.225311, -3.09002, -0.130695, -0.0172887, -0.108761, -0.0287516, 0.438737, 0.276438, -0.617977, -0.169444, 0.537481, -0.251168, 0.217, -0.114672, 0.0757327, -0.664271, 0.0490335, -0.0758726, -0.0324417, 0.0435708
0.975, -0.582358, -0.107912, 0.601094, -0.227587, -3.08961, -0.129453, -0.0238221, -0.100808, -0.0215161, 0.39051, 0.286063, -0.618077, -0.168446, 0.54746, -0.251593, 0.222012, -0.110781, 0.0770983, -0.674107, 0.0474823, -0.0777746, -0.0369856, 0.0417398
0.983333, -0.59094, -0.107225, 0.597598, -0.229744, -3.08939, -0.128082, -0.0290045, -0.0896426, -0.0147127, 0.340872, 0.291777, -0.616959, -0.170402, 0.557708, -0.251692, 0.226936, -0.106821, 0.0785863, -0.683474, 0.0455912, -0.0797832, -0.0408872, 0.0400223
0.991667, -0.599578, -0.10656, 0.594025, -0.23225, -3.08943, -0.126622, -0.0342257, -0.0761748, -0.00841085, 0.291451, 0.291139, -0.614705, -0.169359, 0.5675, -0.251532, 0.231417, -0.102593, 0.0806137, -0.69237, 0.0426981, -0.0824039, -0.044163, 0.0385268
1, -0.608254, -0.105902, 0.590392, -0.23542, -3.08977, -0.125671, -0.0388836, -0.0592343, -0.00189116, 0.241462, 0.282143, -0.6109, -0.16466, 0.57582, -0.250394, 0.235704, -0.0973495, 0.0819348, -0.701338, 0.0400828, -0.0859047, -0.0469464, 0.0379006
1.00833, -0.616985, -0.105331, 0.586681, -0.238604, -3.09008, -0.124402, -0.0431433, -0.0403804, 0.00318401, 0.192156, 0.266131, -0.605991, -0.164248, 0.584248, -0.249168, 0.239537, -0.091835, 0.0829852, -0.709704, 0.0391723, -0.089501, -0.0493957, 0.0374036
1.01667, -0.625801, -0.1049, 0.582895, -0.241346, -3.09023, -0.122244, -0.0481191, -0.0244364, 0.00553514, 0.146681, 0.247754, -0.601158, -0.169601, 0.593518, -0.247944, 0.242592, -0.0862302, 0.08391, -0.716979, 0.0393731, -0.0927344, -0.0515266, 0.0365118
1.025, -0.634703, -0.104545, 0.579086, -0.243995, -3.09029, -0.119964, -0.0537456, -0.0134505, 0.00638965, 0.105811, 0.230524, -0.596675, -0.176154, 0.602263, -0.245877, 0.245216, -0.0795853, 0.0839286, -0.723464, 0.0390181, -0.0960216, -0.0533223, 0.0359289
1.03333, -0.643707, -0.104219, 0.575284, -0.246525, -3.09016, -0.117694, -0.0595693, -0.00820952, 0.0061633, 0.0695864, 0.21771, -0.592574, -0.184097, 0.610547, -0.243448, 0.247682, -0.0719349, 0.0837607, -0.728796, 0.0376634, -0.0993432, -0.0549764, 0.03562
1.04167, -0.652843, -0.103865, 0.571483, -0.248461, -3.08964, -0.11544, -0.0644906, -0.00719776, 0.00504012, 0.0374104, 0.210014, -0.588546, -0.192963, 0.619425, -0.241631, 0.250569, -0.0637128, 0.0842154, -0.732542, 0.0377241, -0.102176, -0.0567284, 0.0354261
1.05, -0.662142, -0.103433, 0.567691, -0.249541, -3.08882, -0.11326, -0.0678921, -0.00823496, 0.00349416, 0.00947345, 0.206955, -0.584806, -0.199038, 0.628982, -0.240029, 0.254117, -0.0544183, 0.0839137, -0.734951, 0.03889, -0.104339, -0.0585294, 0.0352852
1.05833, -0.671631, -0.102866, 0.563932, -0.249778, -3.08777, -0.111152, -0.0698243, -0.00988755, 0.0018028, -0.01357, 0.207346, -0.581664, -0.201929, 0.638982, -0.23867, 0.258412, -0.0437044, 0.0827248, -0.736092, 0.0380153, -0.106006, -0.0603935, 0.0349994
1.06667, -0.681306, -0.10214, 0.560186, -0.249094, -3.08629, -0.109377, -0.0700694, -0.0105183, 0.000199758, -0.0313442, 0.208685, -0.579225, -0.203425, 0.649701, -0.238566, 0.263886, -0.0318392, 0.0823146, -0.735837, 0.0370075, -0.107096, -0.0627019, 0.0347673
1.075, -0.691184, -0.101303, 0.556429, -0.247318, -3.08444, -0.108053, -0.0686973, -0.00972933, -0.00123736, -0.0427281, 0.209693, -0.578027, -0.20362, 0.660273, -0.237449, 0.270417, -0.0179482, 0.0805341, -0.734886, 0.0382138, -0.107499, -0.0654498, 0.0348999
1.08333, -0.701291, -0.100393, 0.552684, -0.244866, -3.08251, -0.107259, -0.0664849, -0.00803954, -0.00232684, -0.0465996, 0.210677, -0.577179, -0.201487, 0.669479, -0.234005, 0.277491, -0.0014887, 0.0766003, -0.733219, 0.038815, -0.107881, -0.0682592, 0.0355995
1.09167, -0.711612, -0.0994236, 0.548973, -0.242204, -3.08041, -0.106968, -0.0635873, -0.00433237, -0.00319622, -0.0437183, 0.210364, -0.570122, -0.202733, 0.678019, -0.231407, 0.285024, 0.0167367, 0.073548, -0.729827, 0.0377415, -0.108813, -0.0710666, 0.0368139
1.1, -0.722096, -0.0984244, 0.545305, -0.239482, -3.07822, -0.107325, -0.0598725, 0.00280083, -0.00364222, -0.0354726, 0.206212, -0.55286, -0.214767, 0.685152, -0.229116, 0.292892, 0.0373247, 0.0703462, -0.724761, 0.0367542, -0.11033, -0.0736387, 0.0388292
1.10833, -0.732654, -0.0974118, 0.541758, -0.237742, -3.07688, -0.109237, -0.0565948, 0.0147165, -0.00186913, -0.021243, 0.199642, -0.527629, -0.228306, 0.687506, -0.223963, 0.300578, 0.0616685, 0.0645919, -0.718136, 0.0365677, -0.113367, -0.0751378, 0.0428069
1.11667, -0.7432, -0.0963323, 0.538442, -0.237981, -3.07733, -0.113478, -0.0550303, 0.0330537, 0.00393377, -0.000799506, 0.192058, -0.497084, -0.234993, 0.683509, -0.216392, 0.307874, 0.0899849, 0.0571732, -0.709231, 0.0362893, -0.11883, -0.0747792, 0.0495056
1.125, -0.753712, -0.0951263, 0.535423, -0.239785, -3.07978, -0.120198, -0.0555504, 0.0551151, 0.0143856, 0.0253744, 0.184541, -0.464607, -0.239629, 0.673805, -0.207019, 0.315225, 0.121826, 0.0487675, -0.697199, 0.0355868, -0.126094, -0.0724282, 0.0589404
1.13333, -0.764201, -0.0938147, 0.532728, -0.241948, -3.08394, -0.129022, -0.0573865, 0.0779525, 0.0285855, 0.0560807, 0.177524, -0.436734, -0.245368, 0.659423, -0.194921, 0.323148, 0.156935, 0.0386051, -0.681211, 0.0354587, -0.133662, -0.0684736, 0.0707299
1.14167, -0.774708, -0.0924497, 0.530365, -0.243184, -3.08923, -0.139387, -0.0585204, 0.100664, 0.0447929, 0.0889735, 0.172605, -0.418705, -0.251277, 0.641613, -0.17916, 0.332305, 0.194742, 0.0258687, -0.660085, 0.035879, -0.139999, -0.0635713, 0.0843204
1.15, -0.785274, -0.0910969, 0.528322, -0.242407, -3.09461, -0.15095, -0.05682, 0.120514, 0.061051, 0.121593, 0.170854, -0.414383, -0.253571, 0.621711, -0.159628, 0.343676, 0.23425, 0.0107494, -0.632792, 0.0383275, -0.143749, -0.0586978, 0.0993969
1.15833, -0.795936, -0.0897939, 0.526592, -0.239177, -3.09903, -0.163195, -0.0504357, 0.135337, 0.0755547, 0.150843, 0.170493, -0.420046, -0.250571, 0.600752, -0.138553, 0.357411, 0.275408, -0.00426665, -0.599661, 0.0444552, -0.14433, -0.0546888, 0.115265
1.16667, -0.806695, -0.0885831, 0.525174, -0.233972, -3.10182, -0.175382, -0.0389185, 0.143512, 0.0868958, 0.175121, 0.169655, -0.430653, -0.244522, 0.579624, -0.119815, 0.372494, 0.318393, -0.0158446, -0.562454, 0.0519659, -0.142221, -0.0519737, 0.13098
1.175, -0.817488, -0.0874848, 0.524043, -0.227537, -3.10257, -0.187385, -0.0222586, 0.144367, 0.0947802, 0.193923, 0.169647, -0.444854, -0.238086, 0.55815, -0.105559, 0.388235, 0.363859, -0.0234773, -0.524875, 0.0593835, -0.138027, -0.0508962, 0.146326
1.18333, -0.828259, -0.0865146, 0.523195, -0.220773, -3.10108, -0.198234, -0.00132553, 0.138495, 0.0986233, 0.206676, 0.170508, -0.460731, -0.23174, 0.537235, -0.0991122, 0.402488, 0.412327, -0.0271202, -0.491466, 0.0661227, -0.132698, -0.0513989, 0.160073
1.19167, -0.838906, -0.085612, 0.522676, -0.215585, -3.09807, -0.207989, 0.0233745, 0.136134, 0.100611, 0.208124, 0.165712, -0.472947, -0.224275, 0.515185, -0.101376, 0.413405, 0.463907, -0.0281562, -0.466189, 0.0690266, -0.128404, -0.0528103, 0.172082
1.2, -0.84937, -0.0848557, 0.522382, -0.21149, -3.09324, -0.216061, 0.0504284, 0.129872, 0.0996839, 0.202718, 0.162491, -0.483374, -0.218921, 0.492059, -0.109764, 0.420601, 0.517151, -0.0292096, -0.451281, 0.0688127, -0.124371, -0.0549689, 0.181903
1.20833, -0.859577, -0.0842719, 0.522239, -0.208923, -3.08714, -0.221578, 0.0781191, 0.123555, 0.0960142, 0.191054, 0.158547, -0.491831, -0.21491, 0.46849, -0.123363, 0.422387, 0.569777, -0.0317074, -0.446536, 0.0688271, -0.121148, -0.0572413, 0.188575
1.21667, -0.86952, -0.0838683, 0.522203, -0.208084, -3.0803, -0.223545, 0.104276, 0.115901, 0.0891284, 0.176321, 0.156184, -0.499036, -0.21128, 0.444876, -0.140748, 0.4173, 0.619749, -0.0369734, -0.449855, 0.0672042, -0.119257, -0.059042, 0.190932
1.225, -0.879202, -0.0836002, 0.522211, -0.208495, -3.0731, -0.222117, 0.128676, 0.10703, 0.0793697, 0.159949, 0.156713, -0.505458, -0.209943, 0.420528, -0.158933, 0.406032, 0.66568, -0.0461075, -0.458588, 0.0600798, -0.118285, -0.0600047, 0.189098
1.23333, -0.888655, -0.0834774, 0.522253, -0.210222, -3.06614, -0.216523, 0.150286, 0.0984701, 0.0662136, 0.142804, 0.159446, -0.511347, -0.211603, 0.395764, -0.175608, 0.387948, 0.705233, -0.0594752, -0.469411, 0.0509551, -0.118674, -0.0596462, 0.182183
1.24167, -0.89785, -0.0834476, 0.522285, -0.213313, -3.05963, -0.207903, 0.168477, 0.0899307, 0.0510228, 0.126332, 0.163862, -0.5168, -0.213503, 0.371717, -0.192841, 0.363144, 0.737747, -0.0728635, -0.480562, 0.0422418, -0.120372, -0.0581678, 0.171416
1.25, -0.906862, -0.0834479, 0.522245, -0.216493, -3.05359, -0.197665, 0.185191, 0.0818562, 0.0348393, 0.110283, 0.168863, -0.521705, -0.216157, 0.346656, -0.206215, 0.33543, 0.764612, -0.0887457, -0.491028, 0.034109, -0.121944, -0.0557677, 0.158465
1.25833, -0.91575, -0.0834825, 0.522123, -0.219331, -3.04822, -0.186334, 0.200949, 0.0752416, 0.0179411, 0.0951486, 0.174134, -0.526582, -0.217745, 0.321365, -0.215503, 0.30597, 0.785643, -0.105559, -0.500442, 0.0258532, -0.123005, -0.0524196, 0.144122
1.26667, -0.924557, -0.0835101, 0.52191, -0.221435, -3.04382, -0.174774, 0.217053, 0.0717501, 0.00112273, 0.0797142, 0.177251, -0.530815, -0.217029, 0.296137, -0.220326, 0.27624, 0.801216, -0.12169, -0.50903, 0.0178635, -0.123142, -0.048016, 0.129482
1.275, -0.933312, -0.0834806, 0.521572, -0.222509, -3.04041, -0.16298, 0.23436, 0.0715169, -0.0157052, 0.0628981, 0.17601, -0.533874, -0.220129, 0.271696, -0.221105, 0.246667, 0.812055, -0.134745, -0.517602, 0.0121318, -0.122048, -0.0425984, 0.114485
1.28333, -0.942013, -0.0834222, 0.521106, -0.222974, -3.0381, -0.151468, 0.252063, 0.073579, -0.0321609, 0.0465022, 0.172599, -0.537103, -0.223344, 0.247984, -0.218846, 0.217561, 0.818763, -0.142782, -0.526713, 0.0102027, -0.120195, -0.0362867, 0.0998491
1.29167, -0.950694, -0.0833835, 0.5205, -0.222389, -3.03693, -0.140907, 0.271014, 0.0770456, -0.0479686, 0.0305645, 0.168136, -0.540858, -0.222983, 0.226513, -0.212247, 0.191267, 0.819256, -0.146953, -0.535825, 0.00773925, -0.117134, -0.0290708, 0.0866467
1.3, -0.959292, -0.0833517, 0.519743, -0.221678, -3.03656, -0.130298, 0.289672, 0.0800389, -0.0639048, 0.0150393, 0.162982, -0.54478, -0.224731, 0.205916, -0.203728, 0.164924, 0.816088, -0.144948, -0.543987, 0.00510451, -0.11373, -0.0213817, 0.0734727
1.30833, -0.96779, -0.0833316, 0.51883, -0.220979, -3.03694, -0.120549, 0.307479, 0.0801406, -0.0789038, 0.000928141, 0.15931, -0.548989, -0.224166, 0.186321, -0.193762, 0.139688, 0.80903, -0.138301, -0.551759, 0.00581715, -0.110076, -0.0134799, 0.0614229
1.31667, -0.976196, -0.0833355, 0.517736, -0.220187, -3.03781, -0.111975, 0.324838, 0.0771115, -0.0926382, -0.0123868, 0.157294, -0.553222, -0.220902, 0.167733, -0.18249, 0.116149, 0.798106, -0.127802, -0.558945, 0.00665466, -0.10607, -0.00565187, 0.0508977
1.325, -0.984527, -0.0833858, 0.516414, -0.218917, -3.03886, -0.103531, 0.342739, 0.0719904, -0.106636, -0.02636, 0.157444, -0.557447, -0.222091, 0.151171, -0.170336, 0.0935602, 0.783028, -0.114352, -0.565091, 0.00505104, -0.101271, 0.00191879, 0.0407229
1.33333, -0.992818, -0.0835033, 0.514869, -0.217151, -3.04005, -0.0954749, 0.360787, 0.0634136, -0.120664, -0.0403228, 0.161512, -0.562003, -0.223991, 0.137073, -0.157967, 0.0722016, 0.762986, -0.0986806, -0.569827, 0.00463871, -0.0957808, 0.00912748, 0.031292
1.34167, -1.00111, -0.0836692, 0.513106, -0.214821, -3.04133, -0.0884191, 0.379114, 0.0507524, -0.133795, -0.0547792, 0.16798, -0.566244, -0.222649, 0.12495, -0.145675, 0.0527243, 0.738634, -0.0817301, -0.573531, 0.00418221, -0.0896813, 0.0158674, 0.0233186
1.35, -1.00938, -0.0838331, 0.511109, -0.212192, -3.0428, -0.0825028, 0.398244, 0.0375311, -0.145788, -0.0700418, 0.174756, -0.570134, -0.218324, 0.114072, -0.133896, 0.0349546, 0.711355, -0.0649708, -0.57711, 0.00478268, -0.0833739, 0.0222633, 0.016816
1.35833, -1.01769, -0.0840058, 0.508874, -0.208844, -3.04439, -0.0774647, 0.418163, 0.0227704, -0.157186, -0.0851134, 0.184295, -0.574583, -0.215127, 0.105664, -0.123482, 0.0189348, 0.680356, -0.0502437, -0.580315, 0.00840885, -0.0765245, 0.0283564, 0.0115264
1.36667, -1.026, -0.0841968, 0.506399, -0.204802, -3.04635, -0.0728334, 0.438186, 0.00709386, -0.168246, -0.0992897, 0.194694, -0.579829, -0.216441, 0.100033, -0.114383, 0.00447616, 0.645273, -0.0394168, -0.582597, 0.0139294, -0.0691527, 0.0343907, 0.00692077
1.375, -1.03428, -0.0844197, 0.503721, -0.200889, -3.04902, -0.0686361, 0.457818, -0.0064109, -0.178775, -0.112662, 0.20303, -0.585277, -0.218367, 0.0949513, -0.103265, -0.00939192, 0.605935, -0.0263652, -0.580718, 0.0106, -0.0622023, 0.0405712, 0.00298561
1.38333, -1.04257, -0.0846589, 0.500851, -0.196764, -3.05235, -0.0661697, 0.477677, -0.0177456, -0.187612, -0.124483, 0.209446, -0.591035, -0.217891, 0.0913196, -0.0947326, -0.0207496, 0.563635, -0.0197733, -0.579199, 0.0137801, -0.0554267, 0.0467496, 0.00125173
1.39167, -1.05087, -0.0849452, 0.497815, -0.192782, -3.05623, -0.0647892, 0.497159, -0.0267311, -0.195383, -0.134333, 0.214471, -0.597383, -0.215954, 0.088584, -0.0862657, -0.0304288, 0.518124, -0.0181839, -0.57659, 0.0131915, -0.0492392, 0.0527665, 0.000936385
1.4, -1.05917, -0.0852923, 0.494633, -0.189111, -3.06068, -0.0643674, 0.516377, -0.0320431, -0.202351, -0.142309, 0.217309, -0.604139, -0.213038, 0.0868042, -0.0787072, -0.0387048, 0.469258, -0.0215004, -0.573358, 0.00964787, -0.0437922, 0.0585017, 0.00190172
1.40833, -1.0675, -0.0856797, 0.491297, -0.185185, -3.06567, -0.0654159, 0.536429, -0.0342427, -0.208246, -0.149149, 0.218661, -0.610949, -0.209615, 0.0862333, -0.0733602, -0.0446944, 0.417562, -0.0296362, -0.57101, 0.00936696, -0.0384928, 0.0639073, 0.00476716
1.41667, -1.07585, -0.0860974, 0.487802, -0.181358, -3.07122, -0.0677387, 0.556573, -0.0334582, -0.213091, -0.154348, 0.218382, -0.618097, -0.207128, 0.086111, -0.0693506, -0.0487702, 0.363915, -0.0417377, -0.569856, 0.0103865, -0.0336926, 0.0690302, 0.0092192
1.425, -1.08422, -0.0865609, 0.484181, -0.177915, -3.077, -0.0710274, 0.576137, -0.0310388, -0.217049, -0.158012, 0.217001, -0.625314, -0.204548, 0.0862125, -0.0678604, -0.0515511, 0.308732, -0.0558423, -0.569907, 0.00870914, -0.0296944, 0.0736422, 0.0148711
1.43333, -1.09264, -0.0870667, 0.480456, -0.17454, -3.08282, -0.0752606, 0.594879, -0.0289361, -0.220217, -0.159581, 0.216871, -0.633121, -0.201304, 0.0869637, -0.0715506, -0.0531308, 0.251926, -0.067822, -0.571087, 0.00650255, -0.0261255, 0.0776624, 0.0217249
1.44167, -1.10109, -0.0875662, 0.47664, -0.17157, -3.0888, -0.0801887, 0.612405, -0.0266385, -0.222754, -0.158879, 0.218187, -0.641599, -0.198874, 0.0877513, -0.0816576, -0.0538518, 0.194466, -0.073892, -0.572331, 0.00508916, -0.0233367, 0.0811027, 0.0291637
1.45, -1.10957, -0.0879679, 0.472766, -0.169598, -3.09499, -0.0855314, 0.628579, -0.0226722, -0.224613, -0.156691, 0.218716, -0.649829, -0.197652, 0.0877004, -0.0978948, -0.0537184, 0.137678, -0.0733032, -0.573016, 0.00365142, -0.0218997, 0.0841782, 0.0365231
1.45833, -1.11811, -0.0881884, 0.468869, -0.168791, -3.10115, -0.0910469, 0.642416, -0.0189566, -0.225615, -0.152287, 0.2196, -0.657965, -0.197051, 0.0863569, -0.117785, -0.0524369, 0.0834098, -0.0682508, -0.57244, 0.00407084, -0.0219505, 0.0867657, 0.0431703
1.46667, -1.12672, -0.0882366, 0.46497, -0.168787, -3.10717, -0.095809, 0.655499, -0.0135059, -0.226904, -0.147451, 0.219268, -0.664884, -0.19737, 0.0838403, -0.135147, -0.0502713, 0.0342032, -0.0641118, -0.570762, 0.00775234, -0.0229645, 0.0888846, 0.0480234
1.475, -1.13534, -0.0882611, 0.461125, -0.170567, -3.11239, -0.100313, 0.665102, -0.00866006, -0.227461, -0.139633, 0.21934, -0.671522, -0.197716, 0.0822774, -0.160093, -0.0471742, -0.0165917, -0.0555003, -0.563462, 0.0133074, -0.0259023, 0.0897649, 0.0520947
1.48333, -1.14413, -0.0879945, 0.457366, -0.172742, -3.11742, -0.104245, 0.672751, -0.0054758, -0.227856, -0.129283, 0.22126, -0.677743, -0.197858, 0.0775573, -0.168617, -0.0438073, -0.0554733, -0.0604173, -0.558835, 0.0212829, -0.0294322, 0.0904554, 0.0542438
1.49167, -1.15303, -0.0877675, 0.453657, -0.175034, -3.12181, -0.107212, 0.679027, -0.00320826, -0.229012, -0.117083, 0.223551, -0.683226, -0.197125, 0.0736113, -0.172249, -0.0408649, -0.0892695, -0.0708244, -0.553881, 0.028325, -0.0331233, 0.0906935, 0.0550001
1.5, -1.16207, -0.0876842, 0.449981, -0.176658, -3.12563, -0.109414, 0.685661, -0.000472786, -0.231267, -0.104026, 0.225029, -0.687178, -0.195417, 0.0710278, -0.173527, -0.0384664, -0.117612, -0.0806998, -0.549993, 0.0324891, -0.0361218, 0.0908421, 0.0550288
1.50833, -1.17128, -0.0878164, 0.44632, -0.177217, -3.12902, -0.110928, 0.692878, 0.00233098, -0.23481, -0.0897873, 0.226374, -0.689609, -0.193586, 0.0698711, -0.175278, -0.0369741, -0.139663, -0.0825907, -0.54709, 0.0321927, -0.0381542, 0.0910323, 0.0545405
1.51667, -1.18069, -0.0881042, 0.442697, -0.176938, -3.13215, -0.112152, 0.700361, 0.00523975, -0.239087, -0.0742518, 0.226967, -0.690187, -0.190632, 0.0697601, -0.181023, -0.0359207, -0.154598, -0.0733095, -0.545636, 0.0284901, -0.0396575, 0.0915256, 0.0538225
1.525, -1.19035, -0.088619, 0.4391, -0.175495, -3.13533, -0.112469, 0.707335, 0.00651941, -0.245075, -0.056493, 0.22881, -0.689707, -0.186865, 0.0704363, -0.185722, -0.035613, -0.159811, -0.0577024, -0.547769, 0.0248235, -0.0404084, 0.0929505, 0.0523929
1.53333, -1.20029, -0.0891683, 0.435534, -0.172773, -3.13906, -0.111652, 0.713618, 0.00606485, -0.252834, -0.036142, 0.232446, -0.688196, -0.185922, 0.0720884, -0.186509, -0.0357394, -0.155613, -0.0387044, -0.551902, 0.0238106, -0.0403994, 0.0959742, 0.0494261
1.54167, -1.21049, -0.0897001, 0.432066, -0.169828, -3.14335, -0.10982, 0.721235, 0.0104506, -0.261838, -0.0161133, 0.232029, -0.683643, -0.18537, 0.074149, -0.183661, -0.0363706, -0.143567, -0.0201098, -0.553941, 0.0286958, -0.0408451, 0.10039, 0.0449064
1.55, -1.2209, -0.0901632, 0.428736, -0.167174, -3.14784, -0.107585, 0.730547, 0.0206456, -0.270974, 0.00311583, 0.226898, -0.67547, -0.181565, 0.0762624, -0.178681, -0.0369256, -0.125729, -0.00546689, -0.550807, 0.0414131, -0.0422694, 0.105772, 0.0394461
1.55833, -1.23153, -0.0905624, 0.425565, -0.163959, -3.15104, -0.103893, 0.724443, 0.00345194, -0.281026, 0.0379599, 0.245751, -0.670816, -0.17824, 0.0808678, -0.177382, -0.0376998, -0.106355, 0.00659282, -0.540126, 0.0584095, -0.0432135, 0.110931, 0.0317553
1.56667, -1.24211, -0.0909696, 0.422627, -0.162734, -3.15348, -0.0990181, 0.718228, -0.00638997, -0.291143, 0.0710308, 0.256782, -0.660412, -0.175341, 0.0850532, -0.184527, -0.0401187, -0.0874074, 0.018182, -0.521912, 0.072038, -0.0460331, 0.116113, 0.0224672
1.575, -1.25262, -0.0914468, 0.420008, -0.163306, -3.15435, -0.0926996, 0.708136, -0.0164583, -0.30122, 0.10587, 0.26561, -0.645294, -0.173504, 0.0885476, -0.199403, -0.045047, -0.0681384, 0.0263211, -0.498667, 0.0785713, -0.0502128, 0.120488, 0.0114197
1.58333, -1.2631, -0.092081, 0.417764, -0.165166, -3.1532, -0.0850586, 0.6921, -0.0317829, -0.311739, 0.144317, 0.276489, -0.625243, -0.171223, 0.0908593, -0.216968, -0.0528937, -0.0467109, 0.0263623, -0.474618, 0.0844697, -0.0551506, 0.123663, -0.000976895
1.59167, -1.27356, -0.0928035, 0.415841, -0.166755, -3.15066, -0.0773184, 0.673919, -0.049758, -0.322401, 0.18382, 0.286806, -0.598333, -0.17253, 0.0926966, -0.232222, -0.0613113, -0.0226943, 0.0175438, -0.454324, 0.0919035, -0.0592209, 0.126487, -0.0133201
1.6, -1.28404, -0.0937816, 0.414195, -0.16699, -3.1469, -0.0686093, 0.64744, -0.0797392, -0.336381, 0.230371, 0.304377, -0.565769, -0.179556, 0.0977939, -0.247068, -0.0692773, -0.000998633, 0.00464178, -0.438171, 0.0930803, -0.0611184, 0.129481, -0.0260119
1.60833, -1.29463, -0.0948838, 0.412857, -0.165148, -3.14278, -0.0609299, 0.621246, -0.108078, -0.351038, 0.278674, 0.318234, -0.526853, -0.184499, 0.105972, -0.25487, -0.0740173, 0.0197064, -0.0119735, -0.427718, 0.0892533, -0.060643, 0.133248, -0.0368271
1.61667, -1.30529, -0.0959642, 0.411719, -0.160856, -3.13892, -0.0552171, 0.597263, -0.131566, -0.365078, 0.329287, 0.328336, -0.485746, -0.191865, 0.118366, -0.260874, -0.0742695, 0.0368414, -0.0224947, -0.421588, 0.0884338, -0.0574468, 0.137966, -0.0449333
1.625, -1.31596, -0.0970784, 0.410739, -0.154917, -3.13598, -0.0503552, 0.573441, -0.149657, -0.379121, 0.382223, 0.331213, -0.445795, -0.198297, 0.135242, -0.264394, -0.0710504, 0.049142, -0.0255888, -0.419687, 0.0901428, -0.0523382, 0.143922, -0.0514527
1.63333, -1.32658, -0.0982566, 0.409925, -0.148252, -3.13441, -0.0454001, 0.547656, -0.160817, -0.393093, 0.437328, 0.320778, -0.409289, -0.189198, 0.155559, -0.262529, -0.0655824, 0.0573825, -0.0243799, -0.42319, 0.0869136, -0.046314, 0.151068, -0.0575379
